Condo Age,Number of Rooms,Avg. Area,Price
6.357250993,5,33771.74049,1490539.058
6.480979871,5,28470.70147,1491838.494
6.804016971,3,18092.13036,996771.2482
5.535920946,2,35834.493,1064854.309
5.67760881,4,32339.00628,985749.7874
7.328943583,4,35174.87134,1952622.402
7.068466766,3,40447.01075,1754969.162
5.735499522,3,42601.84262,1122240.364
5.624500144,3,32074.57599,1236931.728
4.374148491,4,10424.41625,966084.4204
4.728804322,4,39662.74187,852268.6717
7.31890726,2,30097.83559,1280669.873
5.95937925,3,50566.6448,1190213.513
5.728201697,4,28742.12595,1123851.141
7.955766597,3,32016.23476,1689120.427
7.174569183,3,45504.20369,1573347.788
6.766853185,3,43152.13958,1696977.663
7.019666733,2,32383.55544,1414286.724
5.064855375,2,49337.53152,755292.1144
6.293585382,2,21397.4486,714706.4289
5.364982406,4,9487.921585,944001.5583
6.483153394,3,31231.5444,1523136.485
6.501686215,3,23182.60485,1422916.811
7.097245831,6,39683.438,1945618.658
5.488196879,2,69553.98833,1726719.067
6.674070665,5,43204.15762,1051123.833
8.248959366,5,45161.18768,2249122.541
6.798993828,4,44115.98342,1523915.145
4.54230638,3,29981.34654,1039517.534
6.533916122,3,19560.01241,818057.8953
5.233977928,4,43364.42819,1115466.585
5.662286845,2,29568.95886,1258178.804
6.362565275,3,37998.99693,1435423.708
5.975373486,3,34711.78242,1153470.44
8.561761657,2,22367.48207,1425603.495
6.257028601,5,28139.36846,1048350.692
6.467126893,3,24758.48906,1214482.379
4.531777656,2,24056.60447,821859.0657
5.550543628,4,24233.06146,753652.2718
3.992420475,6,40043.10216,1220001.334
6.724123387,5,15255.23776,1075675.108
6.223626136,3,24837.59073,1396082.352
7.826435952,6,18867.78162,1137801.933
5.74650959,2,43146.98202,1159953.593
6.377936931,5,26481.51177,1487849.876
6.408500651,4,32045.55987,1103072.439
5.805732788,3,26202.63146,897291.1153
5.573231808,3,20653.89831,1214320.574
5.761755985,5,37268.26997,1364363.375
5.23965341,3,30231.80829,1249092.928
5.459845342,2,52657.03375,946479.2349
4.692855436,2,44016.14744,1659805.184
6.289993194,4,39075.95638,1285399.565
6.00205394,4,29802.32138,898281.9025
6.291501388,5,27545.52954,1483848.169
7.161865646,2,39754.38814,1353488.416
6.168255827,5,31719.74264,1268703.811
6.299268667,6,26013.68048,1448573.845
6.35533372,3,35091.95553,1343605.8
7.73383489,4,32766.60197,1511537.745
5.940325276,3,40643.07833,1662038.759
6.46969413,3,38128.9837,1166673.195
6.325821835,6,41780.47369,1375633.373
4.458997393,4,47731.01076,839638.461
6.440796383,3,34487.57476,1638265.395
6.493916521,5,40163.97083,1385400.456
4.13269444,3,35589.59472,1153233.241
5.322287408,5,43300.95464,1370178.474
5.562622947,2,36851.38401,1181877.183
5.299694,4,42789.69222,894251.0686
5.890269353,5,37865.64855,1421135.815
5.899946659,4,38440.73729,1028964.474
3.727083933,3,25904.97991,923508.1257
6.327089456,6,32679.18766,1599634.465
5.53968589,5,24721.95904,1369186.07
7.030844864,4,46851.04219,1748782.809
6.381029538,4,25509.06978,1150877.735
5.096643486,5,40785.0273,1110598.755
5.711384515,4,38682.56933,1159207.085
5.7673672,3,49864.46977,1811377.221
5.854378134,4,25222.46242,1267443.398
7.336016031,3,40512.81685,1352547.693
5.778489499,2,44901.85734,599504.0193
4.617497453,4,23999.75522,717213.2688
6.415066656,3,36391.92539,1008712.575
5.483242752,3,36377.83735,1071596.112
6.550682933,4,36913.35067,1397341.856
6.162767487,6,31054.77532,1313304.588
6.370867095,3,41662.08363,2106510.863
4.826564705,3,31756.40564,1306458.906
5.250630616,3,59485.06632,1354928.95
7.309462287,4,39785.62784,1582765.592
6.027445797,3,46520.69219,847155.0413
5.933625869,4,32026.91225,1342245.969
5.281560667,4,42702.40328,1363086.905
5.30217342,6,54167.34162,1275318.562
7.509043842,3,49639.17324,1285923.734
7.424253139,3,51453.26516,1789607.526
4.692580036,2,31638.85497,1196064.33
5.914724659,3,51470.06764,1917583.999
6.85020814,4,30091.11684,1370274.387
5.980419348,3,45160.10161,1677204.246
5.695144684,2,41796.12563,1439714.281
7.186340287,3,21759.50613,1012262.712
4.825804425,3,51712.14409,1511743.129
5.251586751,4,34141.18824,1131154.518
3.786709298,4,25767.8186,764860.4627
6.680451317,2,44682.75733,1681316.362
5.480142489,3,25120.99203,291724.2456
3.994323302,3,28666.77112,1013252.209
4.025767576,4,54130.97595,1194709.628
5.980047679,4,38180.82233,1463003.056
6.5290827,7,24723.27865,1453327.916
6.11384862,3,28067.63161,1291506.386
7.23397367,6,51154.13258,1625508.013
5.76757471,5,24125.87581,566896.2123
4.695568136,4,36655.12894,1468513.244
4.801958518,3,44385.31241,1573105.981
4.128879951,5,49076.75735,968360.5234
7.48094133,3,38022.8382,1309985.887
7.475217032,4,35220.38316,1361219.3
7.488368606,6,36495.17095,1465120.47
6.766015619,5,46677.2744,1571464.965
4.847002321,5,45889.89049,1629098.182
5.156588693,5,36998.47979,1182335.68
5.877126915,3,35039.46939,1010813.709
5.435725734,3,24942.88585,924728.5374
6.543983828,3,41467.86766,1382110.278
6.42853384,3,27404.50027,1366727.663
6.495344396,4,32875.76905,1297849.764
7.560599416,6,31202.18742,1196687.687
5.646510162,4,32311.85324,1281113.315
5.84297074,5,51746.72764,1530729.578
7.20944363,6,29423.82757,1208664.863
5.533214496,5,29860.07831,1417275.667
5.328192738,6,42996.60608,1195601.962
7.70013211,5,37223.87617,2469065.594
6.958044864,3,43322.16685,1223100.542
6.472118818,2,43072.19661,1220276.551
7.002128568,3,42744.82854,1311765.141
7.126074829,6,28410.30375,1198313.598
4.537668422,3,32058.35624,1187609.122
7.445436394,2,32157.13169,1399662.584
6.372610689,4,36239.55617,1597776.771
7.691464822,4,42258.53738,1355022.283
6.739317782,5,22431.60626,1137059.188
4.891102691,3,34573.11218,1053815.097
4.313977841,4,19835.24732,1242421.532
6.006171337,3,36129.69101,1222041.016
6.057649472,2,42018.93857,1025461.134
3.997533151,4,36009.70034,859427.9793
6.053873157,5,37741.35882,1279803.95
8.057346518,4,23876.13221,1671669.452
7.073681923,3,26630.48373,1525601.791
4.441899293,4,31470.61746,998773.9973
6.775334135,4,20317.21375,1012321.574
5.272233698,3,45357.00431,1252419.196
6.359688876,6,47812.01849,1869313.107
7.616643686,3,45281.18657,1800685.922
6.223896597,6,47747.3639,1393100.423
6.062755515,4,39456.87209,1166558.374
5.064611431,5,36326.69694,988175.0074
6.961396906,4,30108.24133,1540480.613
4.273992745,3,33763.08394,866142.1839
4.937434807,2,29365.60761,557362.2043
5.930501633,4,28851.6014,1033290.975
4.186458038,3,47445.35917,1084945.4
6.987280238,3,50233.79031,1365081.178
5.875971757,4,34933.19629,1239459.815
8.064452551,4,37854.37345,2056692.768
6.790821808,3,25296.73583,1045395.329
6.119687512,2,47897.15663,1679204.741
5.858157004,5,34312.41251,1158742.83
6.821881251,6,13340.49243,1647278.685
5.561739644,5,49974.87944,1702090.635
6.646559611,3,28280.9992,1379386.383
5.48771254,4,23733.79424,1358526.741
5.639329458,3,32964.01822,991398.8219
6.486062242,4,27373.15328,957117.6472
6.830319022,3,42758.66645,1638969.269
5.038331737,2,18226.17943,714142.2407
5.594251333,2,13345.56449,760876.0222
5.404097947,2,45887.34562,1343537.178
4.516448215,2,40325.17418,1056993.649
5.702618665,5,16654.26131,1088222.421
6.65834561,3,44071.60463,1308983.632
6.189855327,3,36678.06362,1548322.501
5.457043917,4,39842.86297,1411749.107
6.831473302,4,34671.59841,1601904.357
6.249503548,4,37764.36224,1277297.483
6.19439163,3,28112.16904,1061552.022
7.095153274,3,40080.6906,1115013.147
4.259876465,3,34684.09713,1020842.531
7.513542037,4,31352.40923,1440961.857
5.659123168,2,33533.91966,817377.311
6.860059982,2,22887.72189,1381536.934
4.853665891,3,38259.2238,1273067.036
8.236623014,6,20795.15006,1376714.674
6.44025247,2,37937.1943,1293746.876
6.147845579,3,34063.60356,1750908.224
6.925375603,3,35043.81895,555811.4067
7.058045773,5,35426.69013,1578829.012
5.496668278,3,27865.33079,911202.1683
6.571495853,5,37030.72731,1628751.935
5.611772057,2,41837.85872,1245400.955
6.21027074,2,24647.90591,993725.2172
4.910953601,4,56299.7726,1816099.138
6.182493965,4,33107.34283,1570583.34
6.637633898,4,43636.50449,1626321.321
4.102335552,2,42046.3404,1262494.287
5.695897215,3,40656.12969,1185226.617
6.872089194,3,31638.22991,1360329.359
5.217987014,3,54677.97282,1350459.116
5.470850799,2,48036.61012,1556987.724
6.067487348,4,37730.00709,886036.1295
6.200391541,6,27940.28442,1129613.01
4.946107518,3,19262.61425,1070240.02
6.394246586,3,37997.54792,1587015.357
4.227764832,3,25548.51424,1146321.581
6.334673345,5,17862.7275,1377447.349
6.311198444,3,40817.89,1113570.852
6.77233639,2,51145.32062,1593836.785
4.454425782,6,55577.96645,1560746.866
7.044519672,2,41416.97915,977980.9211
4.844146012,2,43345.60758,1292592.392
5.397718982,5,33263.14435,1458912.584
6.792255503,2,29572.38924,1037780.48
7.320676246,6,33379.6764,1792254.818
6.068556846,2,38408.27206,882170.3184
5.431862976,5,36950.73906,1883481.075
6.652657092,3,38568.07963,1268600.361
5.139113766,3,20097.1385,1157189.438
5.258393115,4,45266.52944,1180989.324
6.796332429,3,39219.52988,1813043.926
4.945615214,2,52718.24234,866666.0554
5.686293112,6,43771.64636,1671350.14
5.919090479,6,23637.25637,1137467.586
6.446352759,4,37511.33915,711499.2446
7.578855091,2,52358.79317,1940195.374
7.817418542,4,43558.8253,1496466.357
5.255407345,3,32295.76549,1448995.115
5.857966088,4,29668.87669,924271.7911
6.323865593,6,37994.97385,1747004.583
6.434539658,4,39347.13568,1576286.214
7.030649618,4,37295.99683,1712280.706
7.11005271,4,49250.7059,1852375.507
8.334376723,4,18257.14925,1007596.043
5.675103554,4,31159.28871,1034779.19
6.311996291,4,28922.95889,1006544.527
5.24116251,2,33083.43471,736798.5333
6.801245634,3,22619.11464,1109006.287
7.163657225,5,27809.13508,1384140.227
6.14098961,3,52469.76545,2084883.79
5.308936928,4,32210.42844,801194.6198
6.204022608,3,58256.11476,1412242.755
7.250403733,4,43272.31005,1890789.177
5.879915504,5,34880.77042,1841904.243
6.077935134,6,26952.55681,1467075.169
5.892496999,3,24734.40652,661043.3565
5.527126902,3,28846.95052,978035.3448
6.334282673,4,33572.74697,1250882.292
6.515076987,3,43313.16512,1409238.798
5.613920924,3,36768.63393,1162746.621
5.824410874,6,23249.82461,878862.7457
5.669181494,3,49175.33938,1338424.788
5.709771696,5,45033.389,1094347.968
6.232564644,4,27024.98663,1195897.741
4.73235732,5,40115.76381,1050239.904
5.079006175,5,36481.32775,914231.2923
6.30636892,3,20667.90293,864483.7585
6.548274287,3,51614.83014,1599478.986
7.097452091,4,35681.15262,1336356.233
6.182167977,5,29269.13734,1808341.466
7.402303153,3,35193.2115,1424283.373
5.69805435,3,40952.01693,1471799.676
6.596081195,4,28300.6076,1347622.483
7.1079515,5,23580.86919,1163741.658
6.528647477,2,28884.04164,1450624.524
6.532590685,3,25896.99089,982298.0366
5.131804628,5,34141.83201,868314.4736
5.624360626,4,27247.95256,1231511.931
5.118864117,4,16668.26686,663128.8401
5.75933535,3,46821.31972,1210496.625
6.419298756,2,25127.54884,1409033.071
5.322269839,5,57408.31289,1356384.668
6.93008843,4,28928.91819,1125476.202
6.746762462,4,22987.66824,1129975.817
4.425809431,6,36205.14863,1003642.627
6.358746643,4,37816.3377,1306367.811
8.540364464,6,33433.33877,1775874.76
6.666783161,3,29803.17135,1036685.241
7.042713319,2,49601.23864,1869929.202
6.520454687,2,42013.7324,1381085.729
7.510170525,6,45519.25627,2252243.34
6.805948234,3,13704.35075,787039.6447
6.043693161,6,28805.35549,957283.6564
5.89459679,2,43818.67866,1173695.292
7.126819682,3,43683.30256,1713161.699
6.024763926,3,41870.90839,1325503.454
6.611320094,3,44237.12104,1501497.532
7.440520777,2,33847.01451,1573580.234
5.349931577,4,30884.45099,693566.7573
7.0712945,4,37047.88256,1524586.787
7.034052002,3,42785.08178,1048818.21
6.371179256,4,38858.87649,1310764.112
4.455360136,5,54228.0749,1537329.57
6.426441855,2,41209.03078,1244881.363
5.278065149,4,30852.20701,732733.2363
4.7702735,4,25012.86978,1095806.626
5.414565601,3,33421.95541,476006.4445
7.746032249,4,40086.08586,1599911.368
5.791634958,3,49668.50107,1675825.721
5.646393371,6,29089.78359,1175868.999
6.630034548,4,31709.34046,1135079.345
4.986312079,2,62963.75539,1833208.579
5.379463351,3,15290.31706,1120349.773
5.784637307,2,37491.14691,1080735.984
5.553655007,2,37226.30715,1168574.666
8.182597765,5,44674.89103,1919693.23
6.368083311,5,48021.89287,1466605.774
7.116363924,6,26264.32179,1234037.236
7.525690557,6,21641.4762,1269486.337
6.373574216,3,31148.10331,1176111.788
5.772571885,2,50352.41648,1371298.425
5.368865349,5,34119.16671,1246509.14
6.035878341,4,24117.45838,1020268.855
7.797744345,4,20895.67945,1130415.41
4.923842083,6,32759.44783,890559.861
7.861372123,3,35826.71023,1417158.537
6.130262508,4,51385.52324,1376492.925
6.047921744,3,22432.13983,1306207.111
5.659574664,5,25691.68458,1275208.577
5.572671932,5,38952.18917,902520.94
5.924392329,2,17187.11819,872312.1738
5.849590798,5,44903.44532,994517.0453
7.552890547,5,27804.60516,1289008.217
7.932389745,4,27770.24891,1610006.605
7.070276512,3,42432.70958,1843720.648
7.397609154,4,44920.65789,1891949.348
5.667070098,5,34481.67331,1451078.093
6.724576165,5,36631.92686,1481940.762
4.443153288,3,47740.63899,1144477.879
7.798946099,5,46132.75451,1279945.51
6.160150424,6,42176.86419,1193021.312
7.225162105,4,43833.66369,1167119.109
6.689880078,2,25569.36831,1225612.763
6.579477075,2,33457.74573,1131618.913
6.261758249,3,41521.38461,1697501.605
5.783592751,3,42322.61326,1365496.885
4.886833901,4,19161.7809,622449.6452
4.698058035,3,50521.10423,1551094.815
6.654227602,2,35212.74388,1299126.83
6.479053952,3,46058.86914,1290324.649
5.280738899,6,25350.73547,1183884.005
5.568082321,4,33768.51285,1305934.325
6.957262275,6,49506.83061,1279117.965
4.030105163,3,37153.85262,786559.0249
7.58863366,3,35427.14865,1588196.233
4.661541159,3,30546.448,976649.0166
6.77431736,3,21574.47109,1250866.567
5.525518295,3,40582.00027,1046627.052
5.91722707,4,28428.30127,1115935.277
5.763367118,2,35005.79155,1077813.593
5.809591752,3,31297.52713,1047689.266
7.143521708,3,37619.43993,2332110.74
6.846644529,3,31236.58232,956435.2633
7.191396842,5,27797.78112,1892623.546
4.684995683,3,32511.84627,283208.1322
6.154820119,6,30398.57294,1176021.375
4.980779889,3,33462.67269,783818.682
8.151365564,6,28954.69773,1625703.075
6.986028567,2,34795.32008,1961846.905
5.47517822,2,35339.56993,1084556.029
6.045377972,2,41321.11197,1428247.074
6.446537103,6,39663.85423,1634945.808
5.060886422,4,48339.9406,915992.5578
3.412865926,2,50626.49543,1042373.524
4.206346468,5,31162.06331,879618.3222
5.725585477,2,47563.23158,1210431.684
5.367761195,6,17045.80773,1059262.039
6.725271357,5,23382.53939,972417.8089
5.447704768,5,41273.00907,1242979.154
5.874953196,3,37143.39873,1096846.086
5.575612395,3,37258.19982,1392685.285
3.802598991,5,58460.27986,1080464.852
5.77058657,2,34605.02957,821413.1935
7.258627482,4,38004.14521,2237778.026
5.543698858,3,43906.74417,1518319.641
6.078591256,3,38102.46556,1503552.206
6.312452422,2,48112.39408,1219154.403
5.586270688,2,34724.16282,1276259.018
6.757647964,2,32617.47347,1400496.655
6.094814233,2,25508.78544,1127174.713
5.223108351,3,41839.48396,1251663.851
5.853493968,2,40719.23735,1469354.782
4.915490826,4,25136.21543,946556.2637
6.524721338,4,28131.71902,1150658.595
6.834478651,3,27970.52173,1325819.913
5.609022494,4,31085.32304,1150093.889
6.032404649,3,23806.23576,1009142.338
6.375424294,5,43837.42476,1705276.19
5.573279881,4,28999.12825,829794.8233
6.017914884,2,47027.06248,1046442.634
5.432982248,5,40211.10647,1152269.431
4.738891648,2,32839.90146,1091479.56
5.359763922,4,25655.86712,1039915.341
3.995153644,5,31094.11082,565732.8175
5.406981272,6,39910.33971,1739628.383
5.892961875,3,31032.85907,1442128.732
3.744902467,2,39183.9578,1004124.909
5.070005756,2,25224.64592,1143621.36
4.618789366,2,36689.234,1060241.2
6.954520829,4,50851.06038,1548962.888
5.284318166,6,30212.43884,1056984.182
7.796604331,3,23817.9026,1447353.264
5.531907671,4,38073.5192,1251566.478
4.964391034,3,25157.45429,751969.2117
4.913081801,2,37457.80723,764955.4982
5.825465356,4,51562.59493,1539958.931
5.616237027,2,27127.62794,962747.1639
6.121600252,3,43233.325,1353854.478
5.016626686,5,42757.44428,1850525.573
5.662564675,3,43943.47926,1778411.665
7.315088749,3,22355.22119,1369006.115
6.91702898,2,49839.32178,1197975.085
6.601665974,4,40502.7397,1930143.831
7.835039543,2,34104.36601,1481946.194
5.99444191,4,31659.70025,1347578.53
5.430800355,3,32699.65258,1358646.746
4.606130739,3,37254.69839,931768.0455
5.350416528,5,51384.43323,1205962.995
5.215220595,3,36062.78846,792146.076
6.213365521,5,45424.22353,1618670.884
5.296992962,3,24080.58935,864446.7942
5.538518713,3,24898.73888,662630.3439
6.13879433,4,37280.44201,1485145.661
5.863607067,3,51456.29763,1047226.967
4.050263913,4,41931.4683,1392793.814
6.295071682,4,48123.70594,943575.1307
6.592507214,2,33110.5602,1793398.718
6.269166301,6,41349.04041,881273.1168
8.157806215,5,39586.43071,2138713.943
6.60606667,2,33603.48416,1540869.872
8.369497314,4,28904.21789,1707650.436
6.109440991,3,41525.3777,1025705.134
6.065352411,4,34262.32384,1541186.254
7.224280911,6,48918.05536,1930344.449
5.997033358,4,42768.9123,1481146.95
5.13588336,3,44474.70188,1099725.283
7.054468389,3,28164.22161,1190867.437
6.570369194,4,21934.89864,1070318.815
5.408652545,4,35563.45613,1358213.906
7.042026516,6,45027.11401,1198725.487
6.840974542,3,45991.85697,1774715.484
6.09113683,4,51019.21242,1538903.993
5.814261735,5,54680.64442,1462360.601
4.581133357,3,51611.11364,953261.9162
6.863400475,3,47717.13619,1427108.501
4.742984602,4,28298.49476,769576.8637
7.05347343,2,18656.64243,668255.4804
5.235210947,4,25267.10761,800809.1317
6.384603897,6,41521.43993,1427202.279
6.591952428,3,31822.06604,783566.3279
3.648545707,3,54157.29516,949072.2496
7.090474728,3,50245.27162,1693591.835
8.195316829,4,26794.25502,1675557.271
7.203931668,4,43231.6173,1943359.768
4.920192289,2,49272.461,1106261.274
6.765543807,4,29324.00264,978766.9139
4.96994317,5,22651.11135,997827.2538
6.353734757,4,45399.55912,1062206.321
6.437157062,4,32921.01007,1382172.294
6.531948057,5,17957.86337,1281741.163
6.723852343,6,41261.18878,1592664.7
5.382984046,6,31487.03672,1247557.695
5.535626528,3,27098.84396,779207.5546
4.735162617,3,29935.90416,1222760.858
6.855447634,6,35046.01314,1380715.315
4.229270472,2,31913.69653,704884.1544
5.93523864,3,49571.1057,1530480.688
6.321891117,4,45325.65586,1780415.438
6.337004614,6,46250.65372,1709667.189
4.727889358,3,37446.16768,852565.6269
5.259911725,2,33932.54516,1185310.267
5.805388791,6,43214.76502,1795093.034
4.095953719,4,45202.13987,956241.9913
4.877193259,4,56266.97406,1224454.547
4.486941357,2,26567.50608,552279.214
7.741143614,5,34537.001,1186357.179
7.378244345,3,47248.05759,1582261.701
5.488727065,5,29755.50821,1478028.174
6.547168411,5,24293.63308,1386306.103
5.775992038,3,42452.94119,1424786.509
3.644175062,6,40080.43542,1206937.316
4.817919945,5,29436.45405,1209287.535
5.750618205,2,26626.53416,1029869.764
4.897860862,4,26309.23832,300464.0987
5.149776773,2,25177.48795,1294278.118
5.648822124,6,16376.64122,1251757.193
7.326976844,4,39766.41957,1128403.366
5.429629503,5,36071.7552,1363669.069
5.562565511,6,30034.33954,1177744.973
5.205825325,4,43703.77758,980274.0699
5.450699153,4,38990.80712,1524115.891
7.456390109,3,31114.8974,1311902.534
5.793124435,5,27639.05883,1119992.619
6.837193059,3,32346.43499,1538922.903
4.065513078,4,27438.68941,843633.1982
5.426987047,5,40412.72218,903301.9933
5.945193547,4,41465.11563,1161995.728
5.140142495,3,33732.46287,733299.7945
7.050921403,3,46297.58121,1837930.801
5.994728233,3,39156.98102,962028.7008
6.564119268,6,45528.53724,1477765.148
7.951206605,4,33201.05371,1419345.607
4.385844659,4,45851.3983,539483.3966
5.387078609,3,21558.37575,1097701.943
6.338634231,2,30013.29805,1412274.486
3.278227596,4,34971.53955,1013443.438
6.778112479,4,25880.41441,893919.0388
6.326840293,4,31574.41047,1234531.601
6.124785472,3,19345.40638,864702.9339
6.252128678,4,24534.37105,977024.1102
4.421746778,5,39756.36603,936148.5119
5.745854007,3,30600.60461,1056976.975
5.762634689,3,35750.28631,1040607.312
5.862843292,4,44571.37813,1641101.519
6.453832512,4,22011.94593,503065.5056
6.926414489,6,41215.29823,1296146.939
6.902937655,3,26377.26824,1164209.619
7.161397225,2,33869.89954,999814.8898
5.896315848,6,36033.70143,1060897.689
5.543774149,3,48306.7974,1848633.724
4.597834172,3,36239.39412,617157.9103
4.948624044,3,29708.75808,857697.1255
5.744597578,4,45804.32891,1253434.398
6.148563983,5,26601.55793,1635092.433
7.299214839,3,32032.14109,1524845.422
5.954461825,3,36183.2878,763869.6667
5.254822469,4,46188.16509,1376637.506
8.389992287,6,23251.0467,1244440.135
5.972172601,6,32050.57593,693931.5015
5.611310138,2,42628.71074,1277744.739
5.525295192,4,39569.83006,1539329.319
6.234743605,2,29613.844,903881.6639
7.381580819,3,38938.2712,896944.2443
5.259416171,2,44953.52365,1184758.842
5.460823005,7,35036.19213,1731437.416
5.821678083,3,37341.62134,762144.9261
5.60685891,5,44586.72495,1270905.02
5.625066678,4,39385.6836,1000043.903
5.70927131,3,43818.81314,1967637.287
7.030593803,3,28954.49749,1114779.247
6.061124984,4,31628.22805,671661.7134
6.505040047,3,28464.33389,1214986.886
4.302756122,3,16250.76883,1053236.6
7.107788624,2,44544.23046,1515005.384
6.740554121,6,51673.96267,1732196.217
4.750904287,5,43445.0159,1587122.369
7.827794857,4,24199.05275,1184893.56
5.806519014,3,22710.19219,1314348.699
4.324962702,4,33320.39672,717825.3597
5.430302262,3,51662.31774,1441736.761
7.460307854,4,37161.1126,1119542.311
6.084778056,4,31551.86373,850977.0123
6.067423246,3,44706.71849,1655466.736
7.264613698,4,33258.83439,1641739.518
6.684347864,3,40283.24977,1369976.501
5.606278582,3,39218.75914,1465835.843
6.378901779,3,50194.10811,1789334.851
6.785460273,6,10311.00139,863297.1767
5.191222752,3,50113.83691,1425366.413
7.146246355,5,49782.15207,2271112.744
7.197138761,6,31998.76325,1370699.722
6.484438121,3,34431.16874,1566740.128
5.074271516,4,47039.09365,1436995.2
6.448675361,2,26576.39199,1345962.955
6.010153598,3,34894.15883,1265180.909
5.378244758,6,37378.95089,1061222.537
5.612801653,3,42245.4464,1383967.463
5.677748504,5,22552.53591,1051519.066
6.848939033,4,49083.66618,1550359.548
5.421143531,2,42038.80335,1375057.083
6.865788207,3,49574.70781,1882978.9
7.5960077,3,35528.50391,1274053.64
7.16654825,3,27699.04897,1426434.644
6.748781492,4,39369.30084,913587.0974
6.557164042,4,43348.48868,1116730.867
6.13572675,6,35071.99599,1226586.921
8.76478554,2,51791.80812,1836978.483
7.52333072,4,30852.29111,1452153.849
6.701112226,5,21880.05031,1294750.368
4.357088276,5,28908.08678,1059870.965
6.210744515,3,45540.93836,1615346.75
7.161978239,2,30767.31362,1107692.003
8.571796672,3,51538.0568,2330289.701
7.730949556,3,41926.02443,1116193.293
5.816532436,4,39399.93645,1072253.834
6.433839889,4,29780.17308,1626941.788
6.930752508,3,43609.46243,1669681.231
4.137278576,4,39210.48262,806121.8394
5.648700181,6,39351.01562,1680252.737
4.96635994,4,38413.49048,1186441.756
8.598382722,2,38251.81217,1766248.403
6.636742301,5,26690.70991,1641055.939
7.577254753,2,30099.39506,1120894.804
8.174270417,5,25091.82355,1325706.901
6.618516283,4,36360.2738,1593347.849
4.043752332,3,43522.68518,605073.4908
5.944492108,2,25271.93098,1064509.523
5.844846445,3,37608.67975,872365.8799
5.956718133,3,40928.28419,1117741.757
7.066791632,3,49398.25748,1935172.995
4.849506719,3,45359.02795,1668670.656
6.590092351,2,35282.71403,1072704.89
5.539850454,4,56294.43444,1914746.582
5.419607067,3,18230.51893,839194.0689
7.63974101,6,23734.16959,1285157.87
6.073168346,3,36291.1452,1433614.967
6.236986667,4,44768.68811,1459342.887
7.236786459,6,44277.30064,1652845.981
4.879253961,4,30535.2556,725830.602
4.572241077,3,53875.28901,1378863.688
6.30432228,6,31256.22333,1003941.929
5.641007686,2,41638.65687,729882.6249
5.826870236,3,40364.19315,1270047.528
6.689121255,2,49458.66507,1695706.132
5.531123591,4,20270.54195,714822.5872
6.425892565,4,52563.97982,1462899.031
5.367615821,6,32412.84314,1127260.126
5.146618085,5,38376.46825,1014226.299
4.663506201,4,37651.01453,852982.5644
5.174346635,6,29182.7206,830286.7066
4.82958619,4,22804.99194,1938866.49
6.854522409,4,49001.90125,1247645.41
4.727645965,3,45206.72551,813415.1281
5.000504143,2,26910.32075,679373.4015
5.494535087,3,30323.73988,814879.2063
5.729198183,4,40338.11037,1489540.135
6.517096671,5,36110.06309,1468738.755
5.821447363,4,38977.93739,1859883.661
6.769699197,5,42601.8153,1558758.796
7.762059263,4,42768.4581,2120888.345
5.549062595,5,19844.17257,790598.827
6.614755417,3,13983.30125,1137465.336
7.678891205,4,22272.18604,1369753.282
5.83835012,5,26973.43343,1433221.122
4.786484164,3,42385.40082,1373048.099
5.626372535,3,20214.598,941950.5795
7.353131745,3,22061.58541,948279.9394
6.038763092,3,45068.59934,1365036.084
4.403549081,4,34699.25818,1289082.363
5.733547356,3,42179.67004,1398979.249
8.312847295,5,13108.01789,1559678.613
6.745795742,5,37482.54576,1485677.064
4.604998734,4,50538.01354,1553592.98
5.743186901,6,41564.0063,1179278.094
8.172130124,2,42721.28569,1262465.989
6.487102994,4,34174.74428,1663509.393
5.459418735,3,39536.8097,930011.5709
6.171802299,3,38082.48344,1584167.851
7.078994202,5,50445.64737,2185480.091
6.459764363,4,44684.73719,1529028.714
5.692877721,6,22047.19911,998240.8508
6.612989198,3,29670.20231,513215.9882
7.349184292,5,25198.78667,1136448.409
6.524727389,6,42302.261,1898668.844
5.380618603,5,26623.18416,1255576.273
6.301814027,5,46663.40274,1367641.27
6.548375433,3,25791.99499,1788285.239
4.50065575,6,34216.69172,1230363.234
4.670846603,3,40155.74285,1000216.858
3.90784119,5,23031.17032,587007.8442
7.90559502,5,40239.28257,1734373.044
3.979496081,4,37467.59631,762167.2533
7.561878816,5,24402.23731,1532845.723
5.447651333,4,48711.5547,1243501.651
5.193719807,2,36590.45042,1628878.094
7.036043262,3,44280.07606,1767330.934
5.87836948,2,49355.97879,1308752.504
6.357683901,4,29922.1702,1311681.42
6.97543555,3,31822.48585,1567368.285
6.27170472,3,34894.57633,1126821.109
7.120304395,4,48433.82079,1473761.532
6.307915969,4,50823.45978,1366000.57
5.649168399,6,39890.29704,1677612.442
7.307595976,3,28555.78775,1789973.205
6.99119997,3,30847.09161,1961715.867
5.746925014,2,33201.07787,673225.1119
7.216355831,4,23811.23365,1230391.468
5.608289646,2,48649.61039,1124818.114
6.743717223,3,20068.15522,1090996.143
5.625005408,3,41393.59402,1570154.414
5.869786444,3,21518.04492,685123.1393
5.052580013,4,20211.43699,845553.3695
5.787124106,3,34967.07563,974805.9937
7.537023749,3,16409.11628,1247660.99
5.293498422,5,35417.76965,1381417.25
6.879262946,6,40137.50244,1726364.398
7.740112579,3,26064.82032,961539.0599
6.455825141,2,28961.42776,1359978.16
6.232921557,2,34313.8277,1384466.437
5.901324628,6,41717.72069,1531447.285
5.969905376,3,52265.60116,1418595.727
5.736539506,2,31385.46298,1476386.996
5.625513375,4,29954.61762,1168355.32
6.660558254,6,28829.00883,1222701.012
5.320368742,4,38711.03466,987447.7775
5.954475954,4,33776.47845,982790.871
5.273512348,5,21095.58569,527749.4039
6.480819122,5,40594.0593,1391232.527
4.858519689,3,24201.75308,1094321.883
6.001426337,6,38535.72643,1610217.177
8.1006516,5,28713.96202,1768705.125
7.809405065,4,36041.27531,1236258.08
5.898870691,4,28623.41032,1329007.203
7.006155746,6,40684.07772,1704126.876
6.131732514,3,40561.29711,1321888.268
6.856135081,3,38906.85736,1113936.638
5.116175663,5,38532.98003,1043628.37
6.839681373,6,48877.50097,1663653.71
4.272456648,2,46139.13676,969678.5673
5.580598537,4,29996.01845,1183014.509
5.666214458,3,26569.65872,957814.6031
5.522134705,3,25401.10188,912891.6806
6.1166841,6,40605.96743,1479758.318
6.300408888,4,24448.21146,1431507.623
7.354457916,6,43833.85344,1747911.496
5.924127417,5,42566.50177,1563083.336
5.085558366,6,41113.00677,1425745.297
5.925172881,4,28483.81174,804453.8698
5.073181886,4,36262.4269,1060440.596
4.496843653,4,41389.36487,954737.1411
5.331355553,3,29465.99961,1152604.142
4.417082516,4,31619.5817,955943.809
4.643253525,3,22449.534,433247.1566
7.393603183,6,43250.98997,1718876.795
7.949614163,2,34210.93608,1236874.809
6.853578269,4,31685.40269,682200.3006
4.970709348,4,31050.10281,1141916.525
5.219917755,4,29258.98876,1162735.272
7.224586621,6,41913.6369,1681340.635
6.94474747,4,43258.6446,945981.5296
7.080939775,4,29770.08343,854045.0138
7.725265633,4,43281.57274,1372994.29
2.644304186,6,15902.58202,414571.2229
4.740995838,2,45388.31358,1240319.692
6.75932479,4,42382.75153,1640646.67
6.119530257,4,57775.26139,1537335.897
4.837669717,2,36712.20014,1337966.927
5.42843466,3,42285.98468,1085113.451
6.313147371,4,20915.81605,905328.7691
5.305041691,3,39526.56631,494742.5436
6.108984095,2,42092.88416,1237360.718
4.638742025,6,20167.03999,864899.485
5.266863096,3,31074.12492,1002192.582
5.677800695,4,17244.97025,800110.1189
7.095849854,5,50097.95083,1410331.825
4.205495168,2,43134.03806,1036382.766
4.781651489,3,34162.95673,437146.0204
4.403196998,3,12906.25485,624432.966
7.409833867,2,49411.4113,1179440.832
8.991399331,3,21319.9943,1740404.967
4.528065613,3,37875.55012,706135.1446
6.855932512,4,28318.75042,870252.411
5.444737202,3,36038.95905,1106149.686
4.730911869,4,46784.53859,1192677.55
5.460972751,3,39089.41571,2026303.098
6.842834633,6,35552.99118,1311473.323
5.606394944,3,27227.81339,1123386.531
6.642756994,6,22469.52253,1205750.232
6.218852677,6,17840.11679,1582140.06
5.396988245,2,46981.9261,573434.6642
6.44955474,6,29699.01164,1735826.005
6.766777857,2,47073.79792,1052185.176
7.874124275,4,25594.16903,1151281.847
8.078703471,3,37076.19846,1531216.894
5.696410259,3,42292.5646,1103352.601
5.361088157,2,34189.14346,308199.8912
7.03747734,4,40274.16665,1423296.118
6.949391112,3,40789.82581,1315684.457
5.029474722,2,23457.1264,637951.9056
6.035255424,2,33499.33275,1027191.029
5.379707221,6,41872.64328,729678.6262
5.722843373,2,42249.32493,1676770.331
5.807346311,2,23723.07475,1569121.917
5.379595574,3,26897.71205,874969.6969
6.575305941,4,36215.96255,1172413.197
6.402864377,2,50003.26101,1538985.189
4.384029823,5,15625.55284,1286572.979
6.604135986,3,18598.25608,1646033.41
6.831285142,3,34771.65985,1147313.02
6.140522639,4,34971.82435,976483.5805
5.893367315,4,39002.90125,1073350.044
4.312275647,4,34764.29222,1084255.678
4.757793137,2,43340.29356,1432252.081
6.876501364,3,39298.23552,1676070.943
6.038075114,4,31735.76329,1580557.01
6.297568899,3,45985.94575,1549873.88
6.305651284,5,31011.36681,1989672.524
5.399849594,6,44101.24053,1286980.807
7.513611344,4,32356.99738,1752967.605
4.7205807,3,38162.61295,1529711.14
5.624841038,4,42811.78159,1710612.03
6.374120812,2,40796.67545,774009.5476
5.901981112,3,39295.70265,1536143.592
5.806661015,6,39060.76508,1662939.097
5.954845799,4,53738.6269,1443027.263
5.768077004,3,41042.43087,1282258.093
6.736575336,3,26083.32069,1245967.799
6.30458529,4,18249.7206,1025908.914
5.83328934,3,30411.18439,1380070.45
4.302477241,2,25092.6697,288708.9121
4.809727597,5,35692.27654,1247581.212
7.451312943,6,43978.25754,1767399.29
6.616144283,5,34277.63076,1588549.501
5.513337858,3,35780.35499,1685217.105
6.385373647,3,28214.36355,928950.0032
6.019581363,5,48122.10195,1565931.192
4.993286513,2,43070.51539,926882.9195
5.873083771,5,43950.66238,1770616.93
5.854885928,4,28734.93792,1279353.925
4.842152843,3,53820.13278,530764.6725
8.465513953,4,28218.62328,1874895.602
5.726314645,6,34605.39462,1422890.021
7.055011858,4,40719.12679,1245788.303
6.387486244,5,44500.35194,1248130.521
7.443973586,4,31863.40005,1535564.552
6.562633101,4,27772.67247,1709441.806
4.953919678,4,52158.01714,1433260.228
6.533470231,6,28007.89573,1282758.903
6.024209849,3,46682.34049,1682708.617
7.557642673,2,31032.9203,624482.7636
5.023471383,6,54516.28746,1651684.774
4.893833852,3,23040.41358,768034.5331
5.188699501,2,35778.45867,1001876.606
6.877542801,6,42643.14291,1500821.469
3.395758659,2,34010.04983,1273988.483
4.979011434,2,48896.82012,1031046.365
5.146489985,6,36128.9901,1508198.672
6.397770389,4,30395.77604,773996.4762
6.552889235,6,38072.39536,1723706.759
3.962770297,3,34411.86808,1260826.638
7.187575282,4,30770.84682,1367142.717
5.195096532,5,29248.28287,1303091.91
7.147581007,4,32732.16105,1341870.354
6.223545454,4,24559.01379,1188416.806
4.604883433,6,24283.86989,1155077.131
5.248054681,4,35478.58299,1048969.493
5.796985083,2,25837.86448,1319478.287
4.931634488,4,40695.79786,1022408.901
5.363776862,4,48115.42078,1394970.599
4.996248973,4,36474.988,1183343.566
5.638387737,4,42154.3566,1259919.983
4.972758566,2,12950.56691,579585.698
7.409373374,4,45688.1025,1591188.348
7.207803988,6,31536.84908,1437153.959
4.649565371,3,31247.58047,851018.9558
6.395475417,2,34141.69988,1321037.414
6.478394832,3,29425.4062,1112286.046
4.199195527,3,47757.31798,1509968.985
7.904985967,5,27835.53654,959625.5302
5.019270716,6,38737.28386,1032180.378
5.994030336,3,21387.62999,1232014.527
7.328275439,4,49505.7837,1575100.913
4.495821065,4,31182.38802,1257433.086
6.555055387,5,39900.44995,2173808.628
5.70798508,5,34863.85935,1115549.268
5.540375012,3,44503.91741,1397956.196
5.15505616,4,28299.46331,1003905.06
6.442123908,4,57841.21935,1614373.964
6.369461421,2,30518.81801,1463367.821
4.150388618,3,32580.53936,966620.5141
7.247298517,3,43031.5617,1453663.252
5.93277452,5,32436.28634,1321388.619
4.069428648,6,41919.9011,910512.6354
5.795875455,5,28439.35889,1029354.495
5.496428165,5,49311.75778,1608889.263
5.37784555,4,25975.50583,1458009.211
7.704505201,3,55471.78338,2198564.573
7.397698539,4,47734.40706,1281777.581
7.145795227,3,25424.03483,1196643.385
6.355133907,3,36626.70399,1578493.708
4.29185583,2,34472.30374,430088.2507
5.675773582,5,30773.25899,677988.2555
5.221308503,5,29802.46229,1085534.179
6.490186036,4,35183.72026,1634781.274
5.838423325,3,40493.06398,1167449.99
6.823123993,4,34460.00827,1067727.095
5.780419273,4,23264.37052,887739.4321
3.49042996,6,40177.87672,842924.5538
3.386003829,4,33970.36011,864067.0615
5.474835964,2,23763.19723,508951.5669
6.292189109,3,46877.14557,1223777.498
4.457029773,5,44521.76285,1029037.429
5.233093357,6,20846.53982,1487997.879
6.775568399,6,38827.40581,1836419.641
5.030561702,4,37355.86464,1148066.813
6.050239646,4,37816.79808,1318681.04
5.287862867,4,40712.39777,1174481.066
6.017827235,3,41297.07496,1522954.939
4.540182059,3,19991.6334,1132146.32
6.448721281,3,33285.95091,1212461.526
7.281983303,5,28182.0961,864132.0331
6.317285888,3,35476.1688,1336377.825
7.196313571,5,67353.9652,1747244.863
4.196803531,4,47871.97184,1398353.591
6.192746315,4,42100.83412,2020158.363
5.876269762,3,31326.33864,877779.3441
5.742902931,3,43604.79288,1255202.11
5.707599613,2,37597.86841,1173413.55
6.778756691,5,34303.41035,1326680.244
5.11652218,6,51937.43709,1585521.989
5.890872364,3,34652.25789,1106336.838
5.269657863,6,29141.73978,962501.9015
6.935358622,5,51237.3884,1408074.53
7.58855882,2,41930.37501,1266209.753
6.757345321,6,54050.64469,1741052.96
5.521132723,3,44486.38307,1636559.241
7.885828811,5,46314.69005,2318285.703
4.841392987,6,47118.42063,1409892.09
7.127209146,3,13889.07602,1166198.116
5.500200083,2,41569.39645,1393995.962
6.171113263,5,41448.75225,1462608.696
5.527612234,6,51629.31874,1922281.305
5.802162211,2,43964.65845,1587406.303
6.312558344,3,39909.1753,967868.5146
5.312148808,4,49688.03647,1426545.967
6.26282262,3,33125.49643,1725429.749
6.76379225,6,46270.33064,1753820.622
5.186801232,2,15444.48261,321058.9607
6.615403774,3,28945.546,1089601.882
4.49290428,3,48051.64765,1137523.111
4.866818955,4,37905.98378,1371670.389
7.256820704,2,47450.66815,1595620.557
4.56941137,6,37480.70005,1899948.059
5.821221323,3,41715.54558,674657.9107
7.461460905,6,23052.84681,1555490.621
5.430074691,3,45188.13964,1194191.879
5.103683065,4,38221.13575,1482107.37
5.953310167,4,11072.49853,1154917.394
6.202397054,3,37743.40275,1050838.704
4.291223903,3,33267.76773,31140.51762
7.937686823,3,25175.43125,1748864.715
7.481984603,3,30736.52839,1287030.932
7.369808666,6,38529.64117,1237246.145
6.187822918,3,22524.57848,1259733.644
6.369259281,5,43526.16153,1028914.315
5.89536032,3,39446.31306,1388218.529
4.269445989,4,36837.81793,637189.9594
7.565375444,3,47836.24614,1717570.53
4.675987349,4,26065.69266,729688.5926
7.609905323,3,41012.62101,2049146.63
6.545699268,3,37515.539,1340705.119
7.155652805,2,40337.23425,980983.211
5.870183983,2,45935.96164,1518169.444
3.055370327,3,40951.2393,1002840.229
6.334545748,3,27771.54451,1499920.594
7.838577317,5,36035.5419,1496577.459
7.617993929,6,37217.64338,1526915.349
6.39422996,4,14522.65907,917610.8884
6.268010007,2,32859.51765,1572990.374
6.083347825,3,42877.51749,959416.4367
5.649453339,2,23632.23041,960083.9969
6.052128807,3,40426.5267,1526025.659
6.265218079,3,23252.90621,1006885.844
5.433850089,3,50996.64476,1105105.053
5.622596911,2,27677.88278,625880.7321
7.70004014,4,27117.79843,1799827.22
5.684122076,4,38340.7314,1152798.579
5.353215988,4,47989.68021,846095.9673
6.347296492,3,19502.02714,1387864.89
5.71678948,4,47734.10221,1414286.722
5.158354668,2,36743.26834,1273308.71
5.364208038,3,44557.37966,1489648.018
5.710321906,3,55932.22273,1765988.264
7.072261244,2,27117.8921,934111.6355
4.181184313,5,30812.59819,1095879.443
4.876921107,6,15612.67721,876348.8176
5.873184775,3,40739.87735,854945.5067
6.247342401,2,28392.29036,1349743.146
4.457760479,3,39735.70449,970825.5964
6.002190879,3,46091.78913,1796009.504
5.36318709,4,41982.90667,934492.3424
3.696844062,3,28171.98501,584061.2474
5.184548388,5,27804.83013,895845.5655
6.568708836,4,17467.94423,696040.1299
6.420431489,2,40979.53039,1204137.323
5.7809688,4,47175.78766,1413729.757
5.4688135,3,28593.00921,607873.7728
5.409933765,2,36241.30099,971099.4754
5.433654041,2,49411.88783,1714055.837
6.680687591,3,46500.05743,1956438.651
6.183385747,3,50350.27065,2013015.746
5.33407185,5,26263.05496,1390497.566
5.335011365,4,31608.06227,1529452.062
3.525267865,4,42857.37096,1143215.029
6.319831312,6,42808.64778,1949577.954
5.21606795,4,37358.20127,1057799.242
5.66211514,2,25593.11792,1585873.833
5.576406098,4,37824.71167,1168993.759
7.145613977,4,35107.13908,1431915.977
4.760142523,6,43987.87713,1409439.076
7.167703013,3,51218.99899,1496724.381
5.55806725,4,50891.20239,1566567.883
4.776719387,4,31200.96783,986113.2395
5.053486344,4,33238.33274,885611.5783
5.745297007,3,32075.26752,1102259.539
6.850527928,2,38272.92156,1268125.838
7.604253501,4,34514.15856,1580691.617
5.003089091,4,36337.02712,1128644.462
5.094476307,4,58051.03905,1524689.063
6.676447492,5,36804.94867,1176420.559
7.143956543,5,34639.41154,1456273.724
6.127772147,4,31105.11339,1777516.449
6.581627437,3,23592.15759,1237902.82
5.878218173,4,49697.93279,1385783.517
6.151659517,4,49354.12973,1035125.857
6.744098524,4,30053.43719,1358899.686
4.854051621,6,48109.1123,1311145.968
4.391004045,5,42177.96629,919926.9985
5.272670247,4,40277.39454,985866.0316
4.920560166,3,30985.33652,1196204.886
6.486915564,5,30611.54333,1435981.22
3.942530861,3,24726.10474,752800.1475
5.416065414,4,25139.44994,324981.993
7.14824024,3,22904.14664,1127637.557
5.187860246,3,25801.96593,239319.9342
5.949763033,4,37766.66757,529282.0844
6.996436453,4,20096.29142,1455691.797
8.190784778,4,39288.46015,1371527.327
6.558666036,6,43474.77738,1231452.189
3.735941791,2,63184.61315,1102641.114
5.04681834,2,29293.61895,758262.6121
5.550184071,2,27812.68591,476971.4559
6.149033107,4,44852.0925,1706689.94
5.395238142,2,30482.56459,1079745.119
4.982273043,4,24405.28272,766594.3397
5.930549621,3,38099.86749,905045.2177
6.669852608,4,34878.59725,1425114.718
5.466350329,5,51509.59929,1512542.441
6.776381473,3,46674.36501,1650342.131
7.606682442,3,16351.20287,1112548.479
6.033750501,3,18539.1007,942508.9622
6.416791877,4,38550.70736,1642844.649
5.100682906,4,34944.98176,1078713.227
6.105278889,6,27528.74642,1333865.438
4.438005316,3,24387.6079,684049.9193
5.670682598,6,46608.22612,1311067.446
4.964759603,5,53100.99891,1172133.487
3.479985415,5,42905.09538,1419536.259
6.156990736,4,34374.5912,1288426.694
5.772011878,6,30070.72806,1500939.827
6.039003284,4,42191.77602,1000087.121
6.398037242,3,31584.37937,1457767.533
5.859730235,5,42250.79603,747933.4869
6.615282097,3,25273.20785,1024738.285
4.977367374,3,39055.11426,1517666.855
6.294500495,2,25064.26712,953840.6976
5.409874135,4,46955.01013,1375497.973
6.639948342,4,37811.20888,1645530.056
8.543764348,3,35014.84821,1727006.951
5.691798358,5,40512.89327,1597330.411
7.058241204,4,49054.8713,1688279.308
6.444044968,4,37815.49404,1398310.2
5.452384484,3,40788.10928,1100093.909
5.900963185,5,36463.03327,1505560.54
7.561983037,2,27143.01692,1105990.694
5.134472646,5,23503.16064,789043.8512
4.340528836,2,45111.81139,756319.734
6.813064895,5,36954.33556,1856782.783
3.983346134,3,41264.90672,1222020.821
6.788986819,3,41553.83956,1043968.399
6.264613212,5,48481.66451,1673294.246
6.89584933,2,40496.06977,1325860.533
6.528543309,5,33141.30823,1236044.316
6.396024279,2,37973.36334,1030759.7
5.640918859,2,37067.68246,1609581.804
5.904536932,3,29758.99972,1292287.095
5.33803219,5,28943.15764,1057697.703
7.694068722,2,32730.92971,768152.791
7.608168693,4,31327.51888,1513427.551
6.62166574,4,28053.0164,1429497.617
6.442420803,3,39917.87889,1376969.929
4.681452167,2,37836.51782,614700.7371
5.960139167,5,19750.68908,780608.9935
5.948015641,4,25002.19225,856548.9441
5.967157157,2,47125.53294,1656080.089
6.720799207,4,33186.70176,1249914.079
6.924423085,2,28364.28666,817460.4216
6.367112535,4,33581.82371,990893.1601
5.805475824,4,27244.43911,972079.5876
6.27811119,4,24407.24318,1349989.647
6.083634063,3,38399.83571,1303542.283
4.725540703,3,41330.60856,593766.1848
4.832160529,4,49237.40432,1243918.811
8.301924703,2,24624.6478,1395855.656
6.995183898,3,37791.01751,1112314.303
6.609092096,2,14906.24662,850010.1816
5.819522121,5,30200.10651,931787.6179
5.44085015,4,34944.0686,1011140.799
5.327629541,3,50997.64971,1190442.123
5.88630988,2,45592.38758,916140.2212
5.343725251,7,39353.68393,1222045.091
7.060172147,2,22121.54729,1232156.012
6.451254749,2,37388.8526,652752.9727
7.336375104,5,32306.66852,1219846.919
8.485443766,5,40078.54357,2050988.497
6.210044557,3,29887.45168,1359052.846
5.045013623,6,31190.6707,1308773.078
5.668081747,4,39587.95296,1573998.902
5.494795166,6,40897.02521,1182980.604
5.587064649,2,48253.27664,1029861.623
5.046905795,4,33543.04806,1085943.076
6.25881632,4,40328.23344,1713351.394
6.17278582,2,42115.14602,1297619.348
6.671741423,3,23162.54734,1096052.868
7.281558213,4,44869.50695,1920527.53
8.118399939,2,29304.17222,1035171.06
6.705514007,6,32705.94933,1218011.061
7.356870637,3,43299.01077,1106705.011
5.238126269,3,33656.23096,664978.8738
6.723350218,4,30464.04404,1316129.309
6.319456523,4,33434.11259,1398760.047
6.202875145,4,14486.82595,759799.8758
5.981856487,2,13977.62978,776906.3269
5.662525533,4,29408.94639,971928.9869
6.578546624,3,29829.0628,1180091.498
6.043842699,2,30037.99135,1201785.667
6.439202554,5,50003.08659,1591234.773
3.438546514,3,24435.7773,143027.3645
6.169046083,3,36778.29264,1091143.399
6.266859797,3,47783.30489,1249173.691
7.188786556,3,45581.92161,2002028.632
6.529605446,4,20600.511,824540.8964
6.697263672,3,35048.26334,1511526.921
6.150067074,6,25053.9749,994257.5352
7.403052279,2,53539.19695,1345296.554
5.000496142,6,29401.14446,1166399.672
7.089076786,4,39779.64723,1820981.219
6.185505942,4,25327.6867,1023965.403
4.691106301,2,34641.56508,889385.9016
3.987009788,4,29114.28814,616738.2083
6.650746733,6,49015.28465,1784260.849
6.81845289,5,51528.83585,1050541.314
6.758728424,2,37894.64968,1389223.607
6.401757145,5,29197.3365,1423908.258
4.76898851,3,46303.3646,1069238.5
5.482266406,3,45563.71701,1007856.266
4.632527413,3,48220.31523,924346.1648
6.269371897,3,27855.39454,1453312.468
4.386270795,4,21371.92379,782656.0804
4.893013125,3,25377.13674,803689.1519
6.860067598,4,23976.71385,1439875.64
6.621485857,6,26921.60365,1270869.783
4.304375946,5,53490.13478,1347279.207
6.926414307,4,39522.90957,2186194.793
7.398109966,2,41554.0704,1082486.679
7.005353144,3,26319.72001,1700109.608
7.25142968,3,37863.58218,1623100.84
5.474098801,3,39187.76583,943309.4486
4.759494793,2,46136.0299,1409684.485
6.553922091,3,37965.37421,1326481.675
5.510917604,3,17403.09075,404643.6022
5.959288964,4,47966.91683,1176655.085
3.214868146,2,43867.84454,633875.9302
5.041209203,6,29282.57381,1390251.42
4.861475959,3,41998.56888,861138.1836
4.460276088,3,47452.38543,1151233.095
5.594270942,2,25753.28312,686644.6104
6.951789882,6,33036.19962,1261681.961
6.682596212,6,40814.92851,1327811.343
7.017837825,3,43828.94721,1339096.077
4.665514927,6,30874.69886,987355.9609
5.594183137,5,36185.05006,1384478.305
6.353116423,3,40444.19117,1168919.401
6.221479752,4,51497.66578,1522099.831
6.194584199,3,31568.89569,1260374.966
5.360253242,3,28122.23338,857762.317
5.17016265,2,29892.06843,1126450.426
5.911488489,2,48616.26463,1574084.927
6.11901907,3,39760.2064,469262.8156
6.067195467,4,28173.39447,1114169.037
3.410785658,6,60658.29587,1792368.627
5.737583091,3,45319.99304,1383842.185
5.604261416,5,37934.96743,691318.2401
5.921443805,5,30113.83269,1245070.338
6.685863208,3,47128.88099,2220799.069
4.844336296,2,31010.22142,854815.1175
7.306675205,3,46361.69458,2092348.377
4.950202585,3,30795.10799,781213.0669
5.646557664,4,19544.75196,726883.8689
6.756372213,3,44581.74758,1640990.378
6.431119287,5,40562.18895,1535781.96
6.565275901,4,57644.20907,1737759.05
5.922854638,4,36414.72945,1550702.478
5.458032475,5,29888.76471,1348873.427
5.732425466,3,34182.49617,955445.8537
6.671579548,6,38501.9551,1467910.569
8.008209502,5,36544.31859,1742938.776
8.335360241,6,38203.17353,1795630.913
7.750851661,3,3285.450538,1305972.22
6.777764029,6,31391.26847,1433542.021
5.600101651,3,37540.31003,921396.9753
4.936845339,4,47332.13862,1405399.855
5.685544439,6,30210.76466,1088548.827
4.469567273,5,27701.02065,738030.6499
7.352350453,5,48112.20017,2235294.718
7.025035017,3,52831.15311,1564252.526
5.612677071,4,24134.414,1309937.399
7.983741985,5,23752.36101,1660770.002
6.099322338,5,31142.84203,1485418.102
5.460238285,4,25861.92823,886124.7256
6.186440468,4,35521.04918,1411024.044
4.170949099,3,31185.88333,671343.9418
5.890156539,2,41492.18017,992585.3823
5.328137978,6,27768.58455,944590.1588
6.138120631,4,40523.2893,1399909.049
5.935261391,4,32725.27954,865099.5234
6.206707265,4,43971.51414,1394423.556
4.931569621,3,40891.61563,813807.6997
7.426296989,2,55849.94806,1316180.494
5.440611043,3,31125.55873,1212205.341
6.251245416,5,57970.24279,1769484.893
5.521608814,4,31335.59502,541953.9057
6.89577421,4,37869.93681,1494101.445
4.633538535,3,37642.02655,856022.8625
6.029590406,6,38111.35302,1427842.506
5.039400288,5,27616.09545,1228138.129
5.121333052,2,34440.64065,1168627.651
6.099506571,2,52079.18818,1389287.474
4.128267302,2,51096.88855,1243981.946
4.349592232,4,52733.98798,1584439.713
4.778495431,4,52945.84342,1622837.353
5.601503368,4,24965.90216,1031146.755
7.89377834,4,31189.36407,1098518.134
5.804315611,3,34538.75492,909781.4668
6.471256486,4,47992.34474,1431517.439
4.754963035,2,31135.51349,1636996.074
5.768478785,4,61126.73207,1658974.567
5.951022992,5,35276.65257,1168887.459
6.680591866,3,43570.94202,1720258.777
4.254128346,2,43301.32596,1129408.87
6.016967885,2,27725.85566,778836.9229
5.864956336,4,32865.02798,1276471.581
4.676070219,5,26414.74742,839426.1222
6.011529119,3,42889.6661,794075.8615
6.907393959,6,29548.18989,1372549.782
5.47890656,2,32255.9083,1084539.387
4.507953424,4,33663.66924,211017.9705
7.119264731,3,33454.08428,1186372.179
5.754108522,6,16288.31457,1140918.805
7.723274916,5,49890.50828,1471828.129
4.397922947,3,38263.48423,803259.6126
5.433298628,4,34818.71842,1124719.49
6.430984273,2,25962.77118,1396401.022
6.157261017,3,30730.40151,802274.1289
6.269795191,4,35106.54614,1646662.911
6.343953016,4,38368.28028,1202621.178
4.312820313,5,46060.36993,1066768
6.193441139,3,40549.35681,1153135.22
5.245242456,4,44920.24555,1706110.86
4.83694235,2,40282.03664,1543913.433
4.48211105,2,33836.92806,302307.4011
6.726672923,6,26341.09557,1134055.403
7.007744694,4,38950.15522,1352756.753
6.761202557,3,69592.04024,1772390.553
4.822577579,3,39586.38351,1014450.654
5.928585443,4,43183.5161,781137.4618
6.042080099,4,34655.93991,921238.3583
4.97877301,4,40092.5162,790555.5204
5.916946406,3,38313.82892,1420648.281
5.286433379,4,23925.62147,377618.9699
5.479987314,4,44305.72216,945079.5323
7.429961382,4,37647.66604,1630952.884
6.75457107,3,19103.12711,1009972.083
6.014408815,6,35376.99073,1372806.616
5.507106334,4,41565.02608,560598.5384
7.125630492,5,37562.54806,1484653.884
6.33456811,4,32764.43591,940138.9614
6.720829754,2,37339.5559,1354077.498
5.393977714,5,43122.57418,1400961.279
7.123866349,2,36215.15942,1426832.049
5.667783745,4,27089.04917,1031737.385
7.278803441,6,30249.03042,1244248.525
6.981741643,2,31925.67536,1070868.067
4.748619773,4,25545.92394,493350.0312
5.546206589,3,23530.90631,1228323.225
5.493365974,3,46459.251,1427026.945
7.346083967,6,40620.663,1504664.281
4.019356939,4,49512.90932,689155.5684
5.23519491,5,42582.93467,1481171.234
6.437928611,5,35879.91367,1092649.709
5.685730962,6,36380.57033,962581.6883
3.907090367,3,24553.45987,688479.2926
4.977651242,4,38773.02082,1363106.125
4.999189324,2,25009.06052,826328.1084
5.896128881,4,36533.83778,1434575.11
6.331004889,3,39816.74911,1509422.58
2.683042903,6,10704.82191,395440.2022
6.213168556,6,46298.31611,1765809.432
7.147855954,2,38555.06758,1135676.183
5.817615375,3,19560.21349,1006227.535
5.443883946,3,29519.88477,576387.1752
4.259678188,3,39200.86657,1044615.522
6.021239385,4,49140.66901,1765352.366
7.31980876,3,28737.11076,1049632.181
6.927794005,4,35193.91648,1456969.577
5.614666403,4,33498.93176,1331374.948
6.628833582,5,37271.15603,1779874.754
4.798258666,6,46302.40159,1601152.932
7.188637589,5,32621.10485,1702528.794
4.530556542,4,36679.18743,1123765.346
5.938427862,3,18163.77362,1042144.231
4.436177367,4,34043.22655,869026.582
5.505002199,6,32639.63803,1352993.625
6.569124436,3,28995.09305,945931.1936
5.809960591,5,37565.54052,1653381.313
4.861034546,2,28319.63343,1258957.62
4.581613523,4,32940.79478,724121.6734
5.018114508,5,34981.394,1067871.687
5.121560597,3,36651.51947,842235.8034
5.375149492,6,38397.56695,954154.2069
6.447052039,2,46239.17013,1356691.387
5.346436832,4,30022.53717,1202992.884
6.928767557,6,53185.20035,1502447.917
7.642474303,4,53000.76809,1947338.44
4.971327902,5,33828.45488,1153516.919
6.410976784,3,31451.09301,414165.2204
6.664544241,4,26627.38647,723089.9525
6.793799381,5,40063.4211,1193482.503
5.594194544,3,38191.03227,1380602.556
5.543729665,2,19682.34729,151527.0826
5.588038153,2,36841.17614,1114729.725
5.902295849,3,13981.43549,984421.2253
4.656695745,2,49457.17937,875904.5286
5.664970501,4,28995.96414,788427.8399
6.65956175,4,44561.33359,1444701.328
5.643639139,4,41199.25223,1450393.53
4.608455549,3,19908.13074,921321.015
5.642006715,6,20547.61864,1160146.171
6.09860088,6,24944.34177,1222689.523
6.859245122,3,59974.62659,2004396.372
5.305107848,2,23557.36165,454055.6559
5.053542724,2,45801.43319,1698198.751
7.176349294,4,34828.42852,1193106.94
6.072995729,4,38784.85686,1275403.464
3.640221786,2,42772.16329,810751.725
6.877123174,4,25201.55049,642862.7138
5.767672653,4,41441.75254,1086825.754
5.560578582,3,24985.978,773360.698
6.538092759,5,21331.98252,1500962.615
5.443119457,4,23767.85633,768301.802
7.221284713,4,49537.34531,1781211.414
5.635390224,5,27494.29641,1420469.727
5.27382605,3,37573.57542,1380215.515
5.939367843,4,37028.69622,1090805.374
5.625298604,3,31818.93257,886815.9436
5.09845805,3,54738.62969,1007224.929
6.651755441,3,22875.69334,1077754.226
7.374075502,6,35143.20338,1253648.324
3.930198546,3,51554.76141,1102943.351
5.443617288,2,28264.0066,744132.7042
7.442513107,6,53832.14155,1845630.071
5.126392437,3,37017.09635,873588.1297
5.17624248,3,29083.72171,755678.3301
6.270889733,2,29508.49053,1101826.315
4.605077351,4,41166.86031,1618994.276
6.383383417,3,36892.6233,1127873.577
3.945932446,6,28939.03884,749847.1904
6.577966455,3,27321.03293,984672.2998
6.157624922,2,22803.09971,534077.4555
5.289123362,5,36145.20983,1242114.101
6.413978321,3,37587.94431,1273631.267
6.190475601,6,30609.65271,1095597.944
7.616703734,6,30888.80272,1364738.296
5.981192808,3,32580.78018,1037147.467
6.115160124,4,22602.13357,1228517.207
5.858178751,2,18281.73777,759360.6548
6.39900372,3,38322.09803,1140579.618
5.797958848,3,26673.88189,810741.5185
5.523318653,3,31320.91642,642855.1696
6.851265731,4,23360.9483,1562950.322
5.845099211,3,43754.45294,1599851.895
6.568437796,2,39591.2565,1332669.235
6.326332927,5,26452.36789,665160.0759
6.772239093,3,32190.41772,1591383.735
6.500751339,4,36564.73349,1144507.423
6.136224658,5,23023.04505,1619721.716
5.717143201,4,36788.98033,1251688.616
6.741729037,6,53542.85751,1882806.934
5.488057127,6,26925.95481,1016163.177
6.195614402,4,45746.93321,1721005.42
4.513528509,5,30678.37073,890138.2114
6.004825721,3,40128.8535,1272719.632
6.334101643,4,45024.29718,1582605.535
5.056598058,3,48767.40104,1170204.339
3.205828407,3,50999.85133,1166750.313
5.81593446,4,40888.07856,319495.6676
8.333101975,3,38066.1613,704698.3621
5.503955342,2,43600.36093,945614.5659
6.495664079,4,40268.51842,2054897.009
3.858766446,6,42582.62587,1280230.625
5.964918211,4,36228.83614,850114.5963
7.75739033,4,46478.52161,1637649.905
5.575523167,3,22560.52713,1742431.663
5.990390366,3,50145.43371,942093.9245
4.907284282,3,45103.57164,1388782.887
6.024013165,3,27159.33879,996506.0709
3.654666982,4,44877.56511,790802.801
6.076352847,2,35726.60563,718650.6438
5.286413074,6,44452.64411,1517141.623
4.020978811,3,28270.43444,496359.9708
4.760053372,3,26517.30768,820611.4709
7.036174701,4,17386.47595,1122320.933
5.345949188,2,32880.78811,846939.4288
5.949311844,5,35130.38128,1540762.269
4.401142472,4,38499.37693,963531.9152
5.642354239,2,52832.00406,1590804.044
6.520774408,2,30165.92264,1283415.266
7.529197954,3,37203.71544,1447920.68
6.553940573,5,11037.38768,742858.6356
6.833040609,4,39724.18881,1400609.034
6.622908642,3,47637.51525,1638577.417
6.225719363,5,35341.06782,1235475.55
5.853516746,4,22169.81837,1249417.897
6.679186516,2,35783.75473,1499356.12
3.545706487,4,31677.32836,1005843.917
5.823225673,4,41849.05508,623721.613
4.808593948,4,45172.75709,922514.088
7.776563644,4,32938.14935,1638606.834
6.032226964,5,39882.81773,1249223.831
5.529209121,5,47343.37139,1928301.782
6.712376565,4,34317.61799,1487729.592
6.385036059,3,30299.2827,896303.7992
8.26472565,3,48266.21717,1903813.793
5.857893814,4,40740.78015,1069851.162
4.527999083,3,28750.64146,829868.2304
4.330577499,4,29287.49814,1181338.161
7.231266171,2,42578.42763,1401767.904
6.389930497,3,25974.45323,1235501.486
6.407963302,4,52881.06048,1522083.944
4.503692824,4,24804.65731,656971.5307
7.866885829,4,39138.87628,1660678.035
4.751360343,4,25653.68792,606191.8669
5.313060495,4,31034.82616,1011331.164
6.822667495,6,27622.34129,1529830.368
7.679468812,4,44125.54078,1489520.019
8.973440775,6,34730.7668,1468267.23
6.102947458,3,26703.71868,978312.7484
6.757390576,2,37592.84506,1181637.949
5.482703956,3,45555.33649,1015233.032
4.482788279,3,36099.24291,1139615.72
7.005697263,6,24962.10002,984349.6142
6.4528811,5,34733.08699,1765281.093
5.36063246,2,31172.88017,1327975.249
5.695537775,4,29506.48735,804170.2016
5.752139663,6,41186.57451,1467271.556
5.339895707,4,43795.62543,1478823.647
6.107907982,4,40691.23866,1367312.132
4.919727098,4,40588.41954,1162469.887
5.759339963,3,57097.67332,1473278.441
6.417465138,4,16737.55224,897479.9502
5.720212674,2,32635.75655,1568578.512
6.849179009,4,31796.75881,1421518.602
6.884826407,2,27456.64493,1199144.788
7.579897089,4,37521.81322,1596180.568
5.122002568,4,31111.62291,1264972.442
5.686845562,6,59129.49783,1135465.473
7.080128054,3,43752.88954,1359838.999
4.590613171,4,16811.30329,88591.77016
6.62093276,5,37838.66199,1822448.617
7.729789733,4,57563.58574,1720734.403
6.578330675,6,31437.51486,1224397.427
6.589726273,4,28571.35712,1209571.072
7.237115963,3,35392.05151,1698820.102
6.699803504,4,49009.69328,1860358.468
6.315632964,4,40761.35131,1168444.882
4.944535979,3,43208.35656,764756.0935
7.114160836,4,44915.71414,977242.2697
7.600071471,3,33515.12293,1079158.653
5.202471496,6,48417.34806,1383395.287
7.089530057,4,27769.5023,992053.0502
7.199375691,5,29146.54292,1574919.906
5.490922273,3,49200.07957,1174311.556
5.288328665,3,31693.61017,795082.8102
5.540170599,4,29788.64265,1170573.77
7.951003194,4,61916.13554,1998368.741
4.254254339,3,36220.12371,842086.6733
5.320240167,5,19148.03971,849656.9232
6.692664317,3,21689.12354,908616.4826
6.936071297,6,44508.97561,1524257.706
5.357426598,4,21075.50992,685880.3213
3.854617568,2,29292.12943,771310.0004
6.241328646,4,46183.10737,1308243.922
5.618340136,6,42200.26209,1312063.756
6.617874634,2,52999.83821,1467849.818
4.312327918,3,32668.93492,902350.4197
5.75682588,3,28914.79146,926880.8506
6.261965688,4,43485.68064,1323326.403
6.161583148,3,36242.10575,1504026.27
5.760358566,3,25694.36818,1003266.876
4.925351457,2,22926.43546,592397.7261
7.325844476,3,27587.39642,1339142.805
4.850512519,3,50524.95541,1212939.954
5.84347617,4,36292.99616,753930.5825
6.532362732,4,38527.81714,1538401.817
6.263865774,2,37117.55506,1295728.088
6.729104618,3,44029.68182,1472887.247
6.440641902,2,34685.18071,831762.7909
6.311020028,4,47328.81061,1610577.497
3.96574483,4,43557.94344,881446.1155
6.333260676,4,44531.75946,1666462.622
5.909380137,4,35323.78792,1085218.859
6.357539658,4,39549.801,1712929.654
6.266666891,6,30237.77486,1444403.664
6.60039782,3,38587.7211,1884674.241
7.483738828,4,33216.60108,1014548.233
3.606331313,6,22984.03653,1084013.785
5.816000008,2,36401.37571,1279777.379
8.513233389,3,51528.48105,1967384.778
5.656329034,3,33816.12473,1002974.215
7.281978903,4,36830.08035,979568.6285
5.231696666,4,34112.97062,565937.2006
6.345097994,3,31165.04595,1092130.981
7.51040004,2,55169.37911,1869113.611
8.688434074,4,36621.75954,1817829.53
7.814769565,6,36940.8591,1392207.648
6.232470845,4,37739.99032,1389773.873
5.415519451,6,24199.63947,956009.1436
3.105751238,3,52601.11684,945833.1891
5.354619416,4,42302.5479,1383766.082
7.499317992,4,39780.92727,1400268.142
6.170239154,3,34651.07232,1144937.614
5.631565659,4,33891.30518,1118165.866
6.294160879,2,38104.49401,1047012.271
4.822111808,6,28747.09441,1096069.287
5.474150936,4,36474.39183,1386473.365
4.560457849,3,41230.18626,945831.1863
4.829750206,4,34945.47446,1311379.596
4.886380224,6,42351.30363,885661.5908
5.959681799,3,47386.26774,1507331.288
6.286086725,4,33834.92173,1643291.722
6.850824464,2,18896.12294,987746.924
4.357995066,2,25191.40739,612211.5924
7.648392612,4,11019.05378,836235.0305
5.122697838,4,35781.17461,1495518.624
5.268005224,2,40674.78377,911071.8336
7.32195133,3,25029.20574,1360787.871
6.495309081,4,30504.81491,1455107.451
6.984684002,7,23823.81702,1327969.286
5.662619316,5,47763.27751,1838503.994
5.446503903,5,44900.7931,1727211.089
5.207715005,3,24459.79703,1093344.577
5.511947845,6,27080.03549,943485.0473
4.966293764,3,22267.1593,1100632.391
6.353593572,4,41354.43599,1269811.089
6.438586774,3,54149.39033,1321008.593
7.157498968,2,26411.14228,978241.2891
6.686300741,3,15065.04661,952533.5782
7.357510671,3,31669.61701,1434015.033
6.148758826,2,50200.61011,1008649.929
6.350845135,3,35772.52401,2007556.286
5.440333831,5,35431.25154,882666.5815
4.077536844,5,39030.07772,1246218.31
7.68947618,4,13683.47964,880682.302
4.898796695,6,32807.8544,840124.8423
6.966125283,3,38240.97788,1469767.647
6.657110323,4,55292.2208,1824987.706
6.209654961,5,27185.75722,1404896.376
5.727120468,6,28713.93152,1290043.367
5.468522726,2,46833.13129,1410362.613
6.657548834,2,36083.82377,1058269.019
5.185436372,2,40354.70525,1464929.162
6.081558141,4,38702.33927,1777009.712
7.619776439,2,23272.35502,826194.6782
8.012087696,4,44372.94405,1851575.868
5.225235339,4,24269.05676,1552915.164
6.740115935,4,36204.71114,922478.9145
4.821669962,2,58349.11759,1753427.937
6.484729861,4,31928.81018,1387701.111
6.336434462,5,47663.14375,1801916.346
7.2105722,4,35204.80714,1237115.741
5.476415899,3,23793.33704,1009606.284
5.656113961,4,38039.59856,1601678.263
4.406831198,6,37548.2649,483458.5483
3.979703619,4,25390.45914,925394.135
4.762273143,6,39626.51608,1143377.602
4.599014308,3,41268.25953,1283401.789
5.162645346,6,34819.4283,1031367.589
4.937298476,3,35279.61694,1153605.031
6.058146032,3,33176.03845,995137.2024
6.081828535,6,37567.07634,1006580.48
6.932926063,4,31113.4864,987434.7498
5.037051828,4,38812.50605,897013.181
5.416746592,3,31219.48869,1560838.45
7.700859388,4,22954.78452,1349818.25
4.935155354,5,32084.7434,883147.471
4.894642053,3,24966.18816,926482.4677
6.455804507,2,41562.7495,1100152.088
6.04484346,2,27207.32169,674197.852
8.105157807,4,36050.83958,1587350.294
4.473606695,4,43328.34367,1276987.492
5.827764498,3,23947.51003,982344.8121
6.598323295,6,37889.76139,1153433.081
5.346338425,2,29551.13773,799124.8492
6.778777872,2,27536.9379,1169640.324
7.505427762,4,20303.81392,1591203.49
8.156846515,3,36858.9677,1450769.841
5.519534662,5,40277.77263,1381442.758
7.964115419,5,48873.99434,1930805.947
5.850681911,4,29958.71786,1280548.089
4.905564113,2,45979.79121,916344.2938
6.498700717,3,39900.13679,1170892.98
6.546235494,5,23655.47879,1616382.932
6.782556861,4,31733.65463,1056518.913
7.030760574,4,43542.66322,1583897.538
5.051254333,4,22063.21062,619407.4863
5.67487134,6,48345.47415,1043415.992
5.81928426,6,33075.80807,1222344.208
5.006414712,3,45905.5921,1433538.321
6.375076429,5,28373.17055,1474417.272
6.357274544,6,29776.66077,1827899.186
4.447461899,5,36345.82978,1130537.993
4.676550551,3,37535.64382,758886.6888
6.336228681,5,26052.64684,1210400.127
5.146227225,3,33234.57083,674817.5428
6.186291072,3,32699.49026,1232209.476
5.16664844,5,45801.17223,2105205.856
6.856726326,5,35193.33694,1662585.938
5.472493192,4,35936.05672,1443907.747
5.408101904,6,35257.71759,781482.5832
6.413690325,4,41729.59849,1557794.021
6.784282448,2,24491.92284,1476277.527
5.185297664,2,49401.12149,1412449.479
7.534723194,3,46311.9563,1438290.851
7.722145949,4,64566.68738,1667560.879
4.132176739,6,41909.50349,1131532.919
6.345546843,6,40056.27286,1154270.485
6.447184831,6,28394.00625,1650770.93
5.087438797,2,36855.66935,1387987.803
7.580729704,6,25480.41696,1325294.121
5.939007321,2,28795.75507,825095.1086
3.70833623,3,30078.65863,944186.1591
7.230201662,6,36546.08012,1608726.681
5.1179932,5,35890.39605,1050223.668
7.087086717,5,43992.28509,1417691.113
5.347823184,2,56541.40988,1386351.145
6.235983679,4,20155.97949,1015546.309
5.418324641,3,34760.76027,991934.0654
4.695041507,3,33657.2392,1267433.909
5.288196337,3,48360.69436,1491811.661
6.897184737,4,60300.84828,1222887.121
4.266359654,4,47726.25417,1114901.973
5.489699257,4,44476.81929,1024787.942
5.805462291,2,37009.33602,675489.7527
7.143144087,4,44935.88483,1515157.081
4.69282127,4,30640.17617,491085.826
5.132972758,3,40852.29089,737147.0943
4.760833718,4,45358.63927,1208875.084
7.028231823,3,40432.04524,1073355.784
6.369107047,3,16292.53215,554702.6802
6.208898547,4,38159.2141,1225796.414
5.03948742,3,41773.51464,1282339.35
5.526226444,6,47618.51858,1409824.638
5.093114005,6,39830.05126,1448668.424
6.746738869,7,20438.41484,728402.0001
7.065143944,2,52131.81151,1381482.685
4.887027334,4,55700.44166,1424994.375
6.505108814,4,42677.28492,1741105.641
6.614955944,2,47039.09228,1361230.121
8.318991991,6,22779.36995,1164497.019
5.329159284,6,37455.31756,1375736.957
4.791109049,3,40187.32733,636506.0006
6.474246,3,31060.20473,775957.6721
4.775051388,4,31798.68515,976540.0985
6.058062233,3,29404.06758,1048302.409
4.081277465,4,40774.67977,575694.1732
5.826192901,4,30640.83692,1365437.489
6.081355533,4,37402.42749,1403219.371
6.826790751,4,49846.9954,1723424.672
6.716375584,6,42014.82529,1987332.217
7.101769921,5,33623.51311,1285202.337
5.989045632,3,32034.98243,1306056.565
6.106186378,2,39735.64512,778546.1621
5.356907402,4,44663.81899,1155681.867
5.893964625,6,27093.28959,1540737.193
4.541851437,4,34618.82699,934408.7143
4.931710652,3,20962.90165,294170.7464
6.239277203,3,35579.21209,1423025.101
6.257201542,2,44782.56827,876763.5841
4.143350468,3,34930.91845,1416408.25
5.246625672,4,36351.91765,972536.6628
7.500352433,4,58926.22548,1729061.656
5.275382498,2,32402.25541,981259.5641
6.7652216,4,46224.49329,1125230.45
5.577267494,2,45899.7384,723750.0653
5.745518039,5,44393.34075,1556552.474
5.232929428,4,44387.86829,1391303.787
5.341157553,5,30469.54897,1103648.288
7.700172407,5,36835.7397,2005037.307
5.426837103,2,30268.35912,1055153.32
6.157447528,4,34354.96293,1389366.718
6.060625718,3,43547.57901,1249461.562
5.464991823,5,34354.1597,1501482.22
5.923312449,4,46743.72165,1296134.395
7.204247861,4,34720.46136,992773.7916
6.134211464,6,27356.89574,1085101.324
4.802783203,2,40018.1907,734562.1045
6.59976394,3,38764.82093,1221827.822
7.1248453,4,39557.32062,1489970.147
7.827258508,3,39511.67912,1696086.168
5.133480582,4,18725.6066,891259.3384
6.918945345,2,36565.02983,1347083.07
6.249999521,6,40838.66483,1428797.372
6.037268901,4,19500.48453,1198678.984
6.839891176,6,43807.92574,1194083.247
5.030503878,3,23964.62352,1233126.836
7.437555945,4,36714.49675,1587585.485
5.205952386,4,36148.15639,1025439.434
5.030342162,4,20478.63044,700903.5639
7.578770294,2,36078.32137,1180903.434
5.706416976,2,24602.56309,914136.5198
7.328456527,4,36075.9632,1178600.648
6.690621627,3,45707.97355,1328572.191
4.345238236,4,22083.90871,742449.3106
6.494455422,3,34426.422,964596.7498
6.55702901,3,37721.32476,1613037.509
5.90534797,4,13355.02004,816772.3751
5.503080033,3,38731.29379,1283208.829
5.358809414,3,26132.86818,975385.5554
4.81760056,4,37670.82898,889845.6012
5.916199392,3,31080.7275,979282.7631
4.832217969,2,38547.92208,896937.6578
6.694530358,2,34922.64487,1712388.873
6.034410757,4,44066.21298,1367292.96
6.17004566,3,31420.29924,949879.9339
7.634775717,3,27142.0282,2050594.046
5.649911054,4,39139.00291,1616631.334
8.366244568,3,31517.11821,1358350.398
6.971445068,5,36773.03541,1708127.578
7.79200171,4,53159.74318,1970419.054
5.831731673,6,44973.08598,1636080.39
6.035992575,6,55947.96796,1591269.993
8.09244018,2,46369.54384,1806231.452
5.706568379,2,50740.20491,1138748.964
5.704488367,2,38660.64385,1246440.856
7.012515946,3,24380.45121,1407123.8
6.301155926,3,31311.98605,1370830.389
4.752609372,4,56970.73183,1492521.867
4.316606421,2,34922.49245,762391.7761
5.625055396,5,33200.33784,1668448.098
5.348729243,6,29704.82371,945057.3184
5.926383868,4,32536.46587,874497.2655
5.386918411,4,30823.91047,1080170.907
3.647654634,2,44882.48792,1049007.017
5.99290704,2,38994.08273,826587.3919
5.278236842,3,35271.71984,1384328.122
6.569959581,4,27221.17929,1027311.508
7.17273506,2,57121.57974,1938713.985
4.079782222,6,26160.16105,1025417.888
4.516853632,3,27402.70803,594816.9325
5.316288784,4,28782.24002,1369970.613
6.935838866,6,20833.00762,449331.5835
7.268346429,3,32233.88588,1253359.954
6.264689378,6,25942.65579,1347234.093
5.157715794,4,42152.13605,1257780.067
5.06030279,3,55084.15933,1474296.416
6.552490761,2,39582.92892,1513273.017
4.028327591,6,53055.85372,1042243.731
5.593939986,4,34019.97359,1288069.226
5.724372816,6,53921.43195,1988563.993
4.43905373,4,36179.40577,799842.3758
6.850884751,3,56376.96843,1813555.33
5.639293226,2,24291.11191,492984.5947
5.400627906,2,33284.9267,1325531.155
7.697110375,2,53504.45997,1315138.251
4.914396085,4,36325.30463,729990.0244
6.118452016,4,38467.817,1328658.911
6.492408962,6,64543.32245,1599416.014
5.745688142,2,53713.27621,1348251.597
4.255008575,2,32236.82469,1018457.987
5.904630857,2,44034.47735,1517597.527
7.158516797,2,39419.28898,1247289.49
7.352679089,3,17093.8098,906034.6514
6.829170797,2,32147.63844,1203089.989
6.490769332,3,47066.61742,1375771.129
5.073320657,2,18194.12155,459446.4193
4.897454983,5,26651.84551,1238486.17
5.881587711,4,24602.00925,1309768.196
6.004892786,3,38825.39624,1111580.1
5.771015012,4,31837.48807,1099788.698
6.270914492,4,23586.38274,1247384.085
5.0333365,6,47907.02053,1546469.783
5.456277934,3,19652.1461,729315.3749
7.974704488,2,44808.30337,1614667.528
6.141594285,4,43181.90541,1613325.655
4.447902232,2,35808.41019,765505.3475
6.848072424,3,41819.36384,1696785.902
6.25995655,3,22599.37411,980161.6274
5.515535533,4,34477.46586,1167621.046
6.290071214,4,19033.61118,995849.7751
5.826323984,2,37252.96217,1276494.765
5.688956505,5,41864.78624,1649156.608
4.873193088,3,40746.12022,1603268.211
5.34585939,3,29023.35352,1314387.407
6.485150517,3,39812.30642,1357366.528
4.678508847,4,53705.13173,1308017.314
5.565689964,4,21287.44252,1246015.297
6.802133796,6,30545.48765,1467959.529
5.733518858,5,43921.10884,1239309.915
6.550911359,4,40808.13621,1457022.63
5.235428788,4,36333.48147,1315666.874
5.870557966,2,24511.81998,885709.7643
5.176103252,3,31319.53603,566645.8578
6.478004245,2,34940.35476,1088176.201
5.789744065,3,36809.12493,1105737.462
7.370165244,4,44348.42034,1571664.903
4.737569088,4,44523.98909,1412144.508
5.712998824,4,41686.51893,1220724.177
5.877790573,4,30494.50961,1011909.694
5.206138943,5,26234.10954,685922.3852
6.42330404,4,31872.7763,1175190.673
5.588486714,5,32762.93646,1053891.645
4.236880738,5,42425.77635,1360502.249
7.005533539,4,48564.79854,1409038.987
5.529295392,2,14241.24877,547794.5712
4.5520597,4,23662.58487,1211442.941
5.332689067,2,41020.43966,1403296.258
5.903673819,4,35621.67754,1125696.862
6.242850811,2,44345.07696,1067191.98
4.213793597,3,28984.51021,786257.7826
6.175769773,3,28860.94534,1341069.16
4.649203487,3,40291.19449,777718.8986
6.873592404,5,32487.56767,1539465.42
5.08647949,4,19314.63285,738760.7474
5.389285536,4,39588.22954,777144.2542
7.321305027,3,23039.88947,1131040.702
6.215488288,2,33549.55306,892718.091
6.205941992,3,55838.91309,1344406.93
6.701008533,3,27165.23395,1174949.861
5.450221458,6,35960.62566,948054.0087
5.760579986,3,50213.73856,1432902.753
6.327696005,3,59313.73912,1649947.16
4.230051414,4,67601.22356,1168588.031
6.295120484,3,35469.02867,1172514.722
4.213322953,4,39185.99503,1051173.465
7.515130583,3,23927.33192,1235747.512
5.785465918,2,17597.04113,984010.7053
8.27414749,3,35374.24918,1210610.163
4.611183867,2,34366.1801,766078.3708
5.915183934,3,38822.83419,1234636.452
6.812452068,6,38418.0583,1364306.769
6.359015225,2,34265.52637,1429383.352
6.354988921,5,32743.7803,1680788.287
5.789113537,3,27865.99607,884891.4955
6.001140259,2,40130.54077,1198572.866
5.689943504,2,31879.32384,996924.6914
6.812010802,4,29873.98841,1417403.312
4.431744948,4,23853.96781,549947.2482
5.225487928,4,33967.6729,1241699.117
4.662569144,3,60309.12225,1258686.286
7.690493451,4,26717.60493,1144177.776
6.091147527,6,46776.73635,1518387.142
5.412044153,4,31048.99083,592512.4283
6.90353685,3,46346.6233,1283590.459
6.254002237,3,29743.5932,1014093.31
6.547893325,3,41162.33783,1535152.074
6.748409478,6,52547.82917,1754576.146
5.515547729,4,47590.82639,1384965.654
4.267647438,4,34640.72237,554253.054
6.646066918,6,37198.29198,1502451.114
5.691650412,4,58051.60066,1930802.919
5.61580954,3,42795.34656,1309860.059
7.4865957,2,31646.37769,1110525.989
7.292736165,4,44604.26897,1543357.454
6.670701549,3,47248.81405,1736442.48
6.710570614,5,18878.79928,1370367.788
6.453148327,4,36085.10108,1614916.469
8.048052771,4,30692.9169,1124463.04
5.062524905,5,44428.1529,1293383.89
5.044783195,6,32485.40962,1472967.814
5.812992997,4,26945.57492,1009809.984
6.303685917,2,38707.52552,1217061.254
8.415327856,3,34615.95605,1637335.303
6.030995051,6,39939.80325,1570904.977
5.84448089,2,27606.00721,1002690.899
6.776730281,6,44508.60306,1814550.901
6.917563557,5,40179.1657,1677005.14
5.306649505,4,38977.46512,1173201.519
6.495543869,4,22522.8816,860346.4707
4.187031549,3,39496.12756,631712.7238
5.993336048,3,44822.3484,1330929.472
5.814456126,5,36419.23411,879356.366
4.564544215,3,40488.33348,635419.3652
6.112444386,6,33577.50951,1085494.82
5.551591773,2,27811.63909,1024601.563
3.573485177,4,35919.85409,701865.773
5.855132309,3,30018.12056,942663.9415
6.706187276,4,32517.53141,1838092.102
5.763953676,5,19630.01991,1065150.787
6.342055418,2,19772.52166,849566.0855
5.195548818,3,27725.52718,949892.5314
6.401203921,4,27727.03253,1294967.411
5.008816737,4,46070.4434,1033881.135
6.194842465,4,38575.2732,1280700.403
6.548519671,2,55323.95726,1388840.174
6.889634603,5,28884.05091,1940225.908
7.070930483,4,54143.3287,1586889.995
5.946960518,3,30774.75314,962081.42
5.854318069,4,36794.19937,1049798.785
5.369129034,2,36043.02049,1040781.795
6.649260982,3,25983.5197,1100380.261
6.965103517,4,25432.07677,759044.688
6.207662804,4,47444.71283,1283764.788
6.025451861,2,49085.96278,1162949.679
8.005412645,6,42611.5397,1420979.184
6.129920102,3,32428.12577,972670.8133
7.089195735,4,43480.69971,1804243.86
5.350078826,6,14476.76064,836883.5653
5.207370214,3,57699.95756,1294647.589
5.474910834,4,34615.59849,1300479.133
5.875820408,2,28433.85035,1040376.995
6.471570205,2,33288.95842,1193253.801
4.911590617,3,55375.66821,1618127.607
5.011920958,3,30177.11796,1113856.543
6.833278659,5,37311.66414,1706291.991
5.384138327,3,35777.29469,658644.617
6.68716254,5,35056.44834,1168993.738
5.307330122,4,35707.7623,1123209.855
4.934697172,2,34332.42096,915818.4531
4.573821265,3,30636.46158,1134142.916
6.4653061,3,30324.19143,1589765.497
3.446131154,3,43358.5705,552585.3541
6.707818266,6,38326.00336,1352917.177
3.430713498,4,30532.99239,1043281.29
6.25142505,6,47926.40802,1589431.171
6.5040534,4,32508.90973,1348883.321
6.529827858,4,24874.03512,1212440.29
5.862742649,6,29766.44407,1580727.45
5.836562621,3,29990.62536,1215288.49
6.178851435,3,48621.16851,1391788.849
5.998331335,6,32810.13795,1127248.61
7.033461786,5,23978.58886,1234609.739
5.078042652,2,49859.49907,936234.3476
6.567440676,3,29673.02264,1852338.469
6.02077932,4,49257.8511,2009937.703
7.626918438,4,32614.77708,828127.0276
6.425960932,3,42631.83698,1661119.501
7.569247064,3,28774.42668,1295901.454
5.410623946,6,23365.44462,989643.0314
8.53634617,2,30777.97017,1788515.818
7.127762529,5,32252.1437,1814855.155
5.90526723,5,19595.96368,1170705.166
6.194182284,6,31144.65521,1090788.981
4.607793092,2,20691.47878,440585.0294
7.248678348,5,33182.43628,1029439.234
3.413044959,6,36333.95285,828120.955
6.744319216,2,38092.9276,985283.8816
5.295864201,4,27071.52903,879062.5907
4.931603874,4,38132.46448,609402.7753
6.826684184,3,18114.57522,1168859.117
6.961354849,2,25333.87085,1307506.565
7.005152218,6,29359.20517,1357250.571
6.440954153,4,29978.65909,1181630.625
6.365004744,4,38773.09407,1294615.008
4.459532432,5,37499.0055,911656.1053
6.263320554,3,30994.79989,1149327.656
5.34246816,5,30345.59016,867714.3838
5.865246386,3,21350.09975,973068.557
5.830240195,5,9579.071782,1084408.44
7.035383395,3,50676.3124,2275455.306
6.131326167,3,40144.75061,1233205.196
7.325975622,4,61772.75681,1906024.636
6.155338177,3,49667.60637,1412626.519
6.989711898,5,23411.94554,1208761.056
5.491419388,2,47005.49681,1710924.367
5.89150658,2,42771.40598,750119.7266
6.446437668,6,26861.13336,1361828.848
6.791701023,6,33609.69466,904785.1632
4.386179784,6,44258.90193,980141.2191
5.679880456,2,32620.40732,798254.2245
6.71417241,4,30788.30391,1026505.821
5.235165561,4,45452.28028,1692335.964
5.939369689,2,38897.09158,1405505.244
5.764434518,3,33922.63298,946182.0502
6.720502135,2,42122.53515,1723775.014
5.098117276,6,28467.21144,1238406.19
6.507846707,6,35452.59151,1317160.403
5.446190938,4,40675.79837,1155752.745
6.188441122,5,31266.90185,1040086.664
4.640185031,6,39998.46264,1266947.264
5.645479846,4,57771.29235,1422230.96
6.358266693,6,46399.80959,1224778.623
6.036130224,2,18468.81419,973096.3582
4.954121475,3,26365.14509,512252.8035
6.105744489,3,32997.63893,906419.3179
4.857913551,3,33413.26568,1114667.249
6.695838781,2,38047.13038,1278365.767
6.305681929,4,32483.35909,1720670.877
6.316032181,4,31886.7102,1534295.195
5.799068188,3,32106.89476,1066040.789
6.019474864,5,31765.90139,1428399.002
3.944863742,2,26018.01564,855423.984
4.833812445,2,44863.71498,853084.1522
3.895831096,3,43922.63017,934610.3953
6.210505624,3,30054.86206,1571781.593
6.537364464,3,43441.99643,927163.8119
6.53102984,4,29683.80911,1227568.958
3.921476794,4,50133.01508,671802.0395
6.727700448,3,41216.26416,1705918.18
5.921329615,5,24867.49764,1198915.943
5.922170782,4,48812.88401,1230097.451
6.799144502,4,23725.78271,764635.9979
6.159166008,6,31348.74098,1553854.434
5.658585903,3,51988.70353,1451930.631
7.109089775,2,37556.10749,1063491.81
6.539850165,4,33925.42449,1226180.768
7.51173035,3,30369.19312,1220987.002
6.404151538,6,33770.24452,1480227.547
6.709721049,4,51054.51591,1641873.966
6.239460761,3,31552.54421,1262963.861
4.739572776,5,46505.7883,1444572.971
5.565925802,4,34753.88289,1358983.47
3.613225369,2,20951.34787,635530.8449
5.999791526,3,41440.43383,1670183.168
5.730149637,2,15576.44502,841236.1676
6.217532942,3,21330.98894,1581865.559
6.926219767,3,61205.81478,1841495.508
5.765137522,4,60747.20448,1891398.256
6.940120405,5,39984.95821,1832230.093
4.045025219,6,39088.3994,1062095.468
7.449827821,4,40090.90836,970044.6656
7.386691378,3,26262.50733,1528900.856
5.891946407,3,37180.50036,1107159.781
6.102287443,3,24318.53011,1300031.23
5.77958332,4,43628.95481,1547737.002
3.24171598,4,35399.90748,1248741.865
5.71429312,6,40865.81789,1205568.367
4.614316578,5,33036.30334,993637.0897
6.105220972,4,51630.42482,1813856.314
7.123967024,3,44406.45551,1822438.42
5.138796142,5,14931.27011,1166925.146
4.842848489,4,34932.29123,952439.6622
8.176696667,3,34129.24179,1659100.124
6.720985599,4,37245.94373,1181995.431
6.308295192,2,25948.64421,1124042.948
6.436974867,3,39055.82229,1219637.367
5.689564063,4,26094.90558,867082.8428
5.758922428,4,44795.53111,1385978.984
6.276723543,5,15113.5872,725040.896
6.576732987,4,64149.68021,1409762.119
5.869562738,6,30464.25722,1036704.691
3.594830126,3,27022.75918,717273.1853
4.697997907,4,32824.79666,1642478.736
5.078184036,6,28382.70669,585440.4314
5.127825655,3,30749.64439,602209.575
6.676942454,2,32126.7724,1340227.277
5.592552303,4,45340.78189,1430051.088
5.049142026,3,38345.58108,1101120.259
6.64114612,3,31590.38533,897223.4347
6.377277229,4,36142.96799,1409318.577
5.16810508,3,37866.63226,1226067.314
5.025865854,5,7522.333138,910099.644
6.239196857,3,36454.29866,1492009.563
6.591287918,2,40250.88724,1555806.042
4.756446026,4,38294.07598,1487855.538
6.400970783,3,22076.15316,995144.1066
6.767889199,4,28614.53971,1151006.078
6.295678751,6,29096.51902,1760880.448
6.022455574,2,38535.6666,1067000.349
4.405604431,6,48150.2538,1430796.763
4.804914297,2,28550.4813,981753.2384
3.970244357,3,52057.05441,1102516.584
6.187704153,4,31518.00819,1334377.307
5.466741628,5,42030.42124,1395218.58
5.592402265,3,36342.71476,1227167.408
5.233785447,2,43679.48483,1315568.164
6.295260658,6,33424.4275,1643338.993
5.240103041,6,28717.96133,1354417.563
5.696016625,4,41602.02374,1273868.064
5.433570131,5,37594.49346,1343824.215
5.203791107,2,29034.31996,692229.4655
5.54606543,3,36902.14539,1411054.317
6.648548092,4,29749.62279,832475.189
6.913898736,2,35516.40989,1076334.103
6.564573695,3,46635.76964,1309829.936
4.990993714,3,34271.10234,1130844.029
4.169137168,3,45347.93206,784503.3579
5.219048628,3,45735.18721,1378399.109
6.664388302,4,33337.76538,983537.5108
5.554973787,5,41734.83266,1737981.53
5.485974582,5,41378.87673,1314359.454
5.64391069,3,65857.93332,1372969.311
5.684473258,4,38582.55801,998855.5799
6.082523082,2,61075.60218,1473540.76
6.893316744,6,44843.19552,1816217.007
6.348594854,3,43181.51307,1127082.199
6.69294715,3,48128.95738,1427832.121
4.678504332,6,15395.05992,959243.6084
5.048811273,5,41219.32149,1202452.728
6.704511702,6,37618.67655,1463442.908
4.215671399,2,34405.48156,1120851.519
3.144894192,5,29689.69581,696467.1699
4.144291525,5,18606.65904,631656.4746
6.791912797,6,56250.4644,1366988.235
6.08059523,6,54061.25868,1919053.527
6.821861406,4,45008.24224,1460341.011
4.545026952,6,27730.74931,935488.6065
4.668163474,4,30667.23476,896246.1462
5.994479121,3,18947.55835,894203.5715
5.555780846,6,47064.02296,1353729.533
5.487953135,4,41785.91078,1496177.416
6.435396063,2,29478.53124,629657.6133
5.637955685,4,31773.2889,549167.9399
7.056146485,3,39733.59822,1737582.283
7.533097336,4,33303.47323,1247281.698
6.064228407,4,47376.47003,1779898.996
5.125019477,3,44965.31198,1032663.003
6.096277806,5,45514.14777,1815809.621
6.704222196,2,47224.75918,1387114.42
7.470217818,3,45644.24346,1262012.926
7.594954312,3,11511.38705,1432318.47
6.444728491,5,32624.6465,1501622.125
5.914077511,4,47740.7629,1275676.981
7.135406223,4,23581.3857,1476989.184
5.830974843,5,22033.11696,796289.3069
6.021458006,3,15633.09905,707345.0624
7.146273286,6,44669.45555,1318231.418
6.451642067,7,48114.02401,1020861.337
5.17990656,5,51905.88984,1527691.701
5.182872692,3,33389.76394,1536234.709
7.520141519,4,36742.3434,1482123.625
5.592888618,5,21454.19944,657169.3042
5.214913663,4,37968.8881,1390200.224
4.640264287,4,30905.0153,613788.322
2.922736153,3,30699.38605,677772.3453
5.060031492,3,27255.25082,1535946.643
5.490824818,4,43351.37328,990004.7306
5.870329833,4,32064.59716,1039380.722
4.214641793,4,43510.94015,1107286.973
5.407138622,2,26176.76615,1340909.799
6.604278391,5,25663.22937,1335883.831
5.945138988,3,12351.7196,1015010.538
4.235712056,2,31088.89017,676979.7154
5.784711657,2,41409.16941,1110114.22
5.642628713,5,37717.25395,1641030.478
5.365761245,3,27822.49637,914378.3344
5.623938648,6,41130.09091,1258563.859
4.435761352,5,51446.69185,1440909.001
6.206884061,6,47447.87629,1624137.595
7.67473941,4,28715.69866,1869886.305
4.007017132,3,41260.91708,1302748.858
5.677914141,6,42342.57799,1429529.63
5.268553097,3,23526.4985,1023162.953
3.443457952,4,54546.82652,673571.346
5.387352926,4,48224.13914,1657667.332
6.910414951,4,36779.05857,1392083.818
6.010367683,6,20867.66988,1360100.719
6.353166704,5,34867.98508,1103021.383
6.461995709,4,41812.80155,1322914.051
6.299951771,6,34706.86663,1305185.545
6.565511757,5,49155.50948,1431517.358
6.925892347,3,45867.87467,1137446.993
4.703215377,4,49751.63427,1010477.392
7.186098598,4,48685.42066,1449033.432
5.913556737,3,34386.42978,1064569.606
3.664293785,4,33381.23866,607249.4233
3.883363566,4,52933.67258,1202227.957
5.233591889,2,38235.0331,816813.5324
6.200075739,2,54845.49441,1598159.227
5.492570784,5,55403.09347,1658381.006
6.373443777,3,49240.84045,1312093.361
6.125857494,4,32142.94735,647982.6536
6.98176739,5,33069.76158,1492786.627
4.072354843,3,28172.06528,627733.7434
4.267184447,6,44138.00673,1827500.892
4.646330784,4,36711.6233,1339254.727
6.541530335,4,43672.62855,1620949.437
6.90076533,3,34685.81562,1637944.645
4.565139093,3,36936.62977,1216888.02
5.962876976,4,46222.4591,1555497.546
4.925757745,6,26008.30912,873048.3196
4.19694777,2,43468.16446,846055.7174
7.484641869,3,15325.64845,1028493.601
7.013590359,4,24565.97681,1569600.446
5.481563241,3,54929.67024,1798232.803
4.641900412,3,33280.5895,1402146.873
4.973274168,4,34763.70381,398909.5099
5.368736615,2,26390.81105,933157.3392
3.56367208,5,33517.68552,712285.8256
4.736540471,3,40406.51492,1261927.419
6.228342555,4,28953.92538,1063964.288
5.923666481,2,47995.10196,1302029.013
7.107875819,3,33232.34234,1957891.588
5.46901058,2,36845.30501,849153.1225
7.099048884,6,32254.39867,1070720.058
4.846976514,3,30758.27904,714166.3978
6.145816708,3,37062.48444,1441882.522
3.715277954,3,30884.95551,693681.0044
4.789686087,3,40190.09934,1060123.73
6.720492786,5,31439.97122,1535262.441
6.882572563,5,41557.57633,1454681.937
5.079456904,3,36506.97739,1062593.483
6.845592971,2,41807.60136,1907859.059
6.300600085,2,4114.489353,965318.6958
6.269637254,2,34710.20612,1109639.996
5.785354477,3,44712.47624,1118595.119
4.91693574,4,36040.20673,1049661.039
8.090382963,4,60040.5473,2294647.784
5.453666774,6,54086.90165,1356062.104
7.17199641,3,30082.069,989903.6448
7.244386643,3,44288.08724,1499243.168
5.663164112,2,37956.29441,1160246.73
6.256890183,2,41686.41285,1302347.574
6.160450827,4,26139.26853,1553311.161
4.282450211,4,37910.29498,945252.1918
6.044501787,6,26489.31324,1158697.6
7.33048128,3,32530.25631,1261239.272
6.530735286,3,38894.22736,1257282.159
5.651893514,4,34977.45191,1279464.647
5.257100922,6,51148.22512,943854.7279
6.63832849,2,41440.2007,1404540.758
4.840540269,5,23038.44982,1296636.271
5.588168388,2,46782.38518,1450996.038
5.75306657,4,42975.61819,1654965.296
5.917457589,3,48263.03534,1030866.952
7.38265631,4,42873.0502,1204103.087
5.152322989,3,39635.82874,1115721.687
3.516437566,3,32276.03427,606863.1415
6.716497122,3,28318.26432,971174.9868
4.899213193,6,30541.09938,1029855.714
5.888374575,4,25851.03903,1246791.029
6.074097541,2,35230.80254,1146886.093
6.181027602,4,19481.38513,1075550.215
6.798690628,2,32375.82626,1074263.317
6.543617443,2,34810.29108,1115394.393
5.205708623,3,41648.10864,1496210.216
5.105381084,6,42451.30628,1299991.951
7.410910121,4,29827.66647,1446983.542
6.232125981,4,46819.13057,1257376.174
6.258640532,2,36698.64905,1549303.499
6.091467944,3,21434.06366,828477.2913
6.163256599,2,52719.91594,1642011.345
4.978978133,2,26030.46371,847387.2058
4.758460329,2,32200.51534,968082.1645
7.729031497,6,39757.70431,1495384.004
4.177550251,3,30288.69855,678721.8842
6.503287315,4,39075.64028,1427551.145
6.841166118,5,44966.0678,1093873.291
6.886298316,2,46775.80866,1653232.551
5.196810645,3,39692.10555,1178272.297
5.516292487,3,35765.74921,755843.709
3.870868952,5,42773.6131,1210366.529
5.916766686,2,31789.97274,980231.2309
5.057510963,4,47116.0638,1122083.251
5.655725556,3,45233.32883,1441376.394
6.893260095,3,43467.14704,1251794.179
6.212565023,5,33865.61697,1257217.29
5.370192752,5,44202.65614,1986811.17
7.422466607,4,31129.64248,1550242.01
5.846446261,3,34317.49878,1305127.336
4.327924311,2,42522.59413,940162.7245
5.639266508,4,15800.74846,690958.5497
4.292692379,5,39475.39943,1153029.616
7.156477168,5,20803.69329,1116487.357
7.027551683,3,39014.97184,1534171.953
6.333973361,4,26153.07274,893435.1192
5.641761883,2,38890.89276,401148.5688
4.944037821,6,44373.63307,1290755.036
6.213762126,6,52976.31041,1865071.41
4.685216834,5,44972.03136,1251430.92
6.421544513,3,49585.56494,1133910.648
5.476899984,4,49240.31767,1688093.257
5.593384902,4,65184.57847,1394132.241
5.355724656,4,17227.90721,923444.1448
5.512505418,3,40790.18479,1131533.555
6.669215598,3,42656.43925,1475700.71
4.885243249,3,41258.26229,842985.8529
5.931749143,4,36561.83342,1327718.382
6.467666849,2,33910.8315,1220700.696
8.22391249,3,30995.20994,1403176.429
6.105565961,4,37986.70179,1331656.494
4.589410426,4,44019.2121,1051567.946
6.106164038,3,51456.15053,1813857.826
5.882002394,4,32363.37953,1041237.817
6.313891361,2,41837.47517,1746086.989
6.305722899,4,44935.37806,1412881.784
5.582656343,6,25670.37861,1557626.781
7.048278421,3,52850.41342,1797105.103
6.810646579,4,28162.44064,923246.8621
4.750349731,3,26888.4087,834185.5784
7.798759363,2,38962.02283,1603749.984
5.969126805,3,50519.28996,1510996.435
5.888927,4,27384.86537,1496539.313
5.627573771,5,45263.03507,1447325.64
6.701563819,6,16619.26852,1361841.952
6.165032769,5,50370.06338,1409977.131
6.501045967,2,22850.06268,1534111.581
5.625761811,6,46903.73743,1484688.234
5.63281885,3,27444.58556,1379169.449
4.444299002,3,60023.36096,1884385.65
4.999277265,6,15482.45243,856383.5014
6.817154256,3,34140.16752,1689512.18
5.959944594,4,48457.02136,1640185.798
5.247613113,4,41426.38977,452530.1767
4.865438378,3,35525.87604,980145.7829
4.87896494,5,35123.38281,1449409.436
4.815847581,3,41100.3297,814784.2457
7.598694556,5,40022.34343,1735637.414
6.85150843,3,35703.99249,964924.4933
6.555905513,5,52591.35747,1490718.335
5.719610134,5,28115.60316,1086186.428
6.61401468,4,42775.98296,1759180.044
5.758870614,2,36903.30849,1315828.86
6.405674717,3,39286.15766,1137685.116
6.202711648,4,30222.6912,1446155.18
6.472277303,4,47048.49001,1602903.281
5.400689145,3,30157.6295,1440246.33
4.99175028,4,40086.45875,800146.2261
5.154151403,4,35548.65189,1491538.499
6.465122998,3,32891.15941,969323.4858
5.158749774,6,36591.9573,1055772.871
6.647405764,4,40903.55891,1299430.176
6.745053762,2,29215.13611,1340094.966
6.259900934,3,42589.62439,1723729.655
5.534965895,5,37908.34665,1214104.934
5.441991594,2,23915.56442,393639.074
7.610990915,3,55449.4071,1472539.958
4.363524182,4,31457.04285,502553.0522
6.447963567,4,29936.39719,1296223.706
5.968185411,2,49251.80803,1342814.949
7.256935688,4,53056.062,1698219.757
4.610727816,4,20794.8215,555504.1478
5.804754504,3,45577.30243,1298980.829
7.652591049,4,34100.91677,1440736.583
5.663860359,6,26527.29795,1145351.161
6.812864984,4,29483.35861,1546957.226
6.444283309,2,33805.32623,1070818.731
7.749402408,3,51039.38782,1993453.673
4.143032901,3,45701.33285,891981.0976
6.613521403,6,12513.68173,1443842.023
4.136021804,2,34252.72864,1305219.521
5.463875478,6,45539.12185,1238708.76
6.204789238,3,28795.1202,1241386.737
5.632793366,4,32754.83084,849008.7047
6.985000857,6,39092.18544,1656785.448
8.381095863,5,42266.29337,1896650.323
6.095991998,6,40744.09197,1300362.028
3.784839441,4,35334.63367,1159749.09
7.166337989,2,15586.3573,1263743.971
6.907220597,6,35638.53817,1292643.52
5.655902969,3,46457.01873,1357710.965
4.821035379,3,25337.01157,945551.1489
6.142770988,5,51974.84018,1572099.69
7.814354699,3,48591.39346,2019424.222
6.586815921,4,29496.94558,831471.5304
7.061757188,3,34598.97968,1408347.445
5.836866405,2,36409.13231,1154126.216
4.311017566,5,59717.66977,1521085.472
4.986835829,4,43283.93363,1522143.641
6.021105708,4,50524.73674,1528714.305
5.907234419,4,38244.58139,1289042.121
6.735563721,6,44738.39585,1222799.34
4.509671101,3,42543.54,792174.1738
5.056788806,3,43805.52189,1753967.477
6.205939172,5,35977.31916,1149524.699
5.079485076,6,46014.58222,1876497.269
6.590728856,3,41217.11682,1045348.23
4.758588072,3,37581.05338,1323300.72
5.418954685,2,48132.61901,997239.7078
7.28610098,4,27485.2428,1204939.904
7.981054,5,30167.23343,1877941.971
5.33060382,3,37315.7884,1245053.433
5.577592383,2,24970.70552,1165990.604
4.767040191,4,50209.55111,1517152.585
5.483082949,3,36271.52986,847767.9216
6.687493062,3,38997.78366,1012269.469
4.606562547,2,45211.00806,1439431.453
6.562289095,2,35513.45835,1461511.881
6.032244547,4,20070.2313,678587.2437
6.304035222,4,49100.82349,783350.6732
6.488149399,6,36260.06673,1499552.269
6.331567258,4,19372.74768,1458422.811
5.186637721,3,33611.4409,1228879.867
5.182693359,4,25087.37081,932380.5504
5.364399329,4,38959.49107,834268.3429
5.74007608,6,22880.82332,1351007.041
4.791357601,3,54954.76259,1068786.672
6.417495593,4,14596.2503,1124396.249
7.798746015,6,37523.86467,2370231.32
7.465496106,6,26761.9354,1334952.605
6.652483886,4,48227.07429,1504441.01
5.391557788,3,47697.26859,1153435.092
6.316381847,3,44907.37865,1259357.023
6.905817831,4,40368.56038,1567745.807
6.021541531,5,44873.84135,1516419.721
5.80394353,3,36446.87144,1365151.394
5.08336073,4,39563.9712,1046030.114
6.150796319,2,51479.07096,1233965.837
6.114218507,4,31581.83852,1009769.078
6.247430552,4,37787.66295,1453597.507
6.052408397,3,23162.9107,1103206.755
6.53019329,2,47724.58136,1571253.531
6.583566247,2,38114.52633,1400111.497
6.924538814,4,44157.28659,1822987.82
6.275508702,4,26228.39458,1174747.551
4.338810572,2,51406.7399,1147908.529
5.463119186,3,48372.29885,1124125.921
3.745922263,3,31944.55257,822934.8313
6.376583394,3,40542.81391,1448774.971
4.775907553,4,37752.91522,1063630.928
4.739240943,3,10555.70282,861657.3994
5.380174522,4,34347.24318,1034760.04
5.635341192,3,35756.68694,1240864.154
6.708692007,5,35427.10591,1442372.044
5.952826666,6,35294.2836,1390620.168
4.672028732,2,33900.19875,862407.817
6.179205325,2,14347.01941,695152.1733
7.513298007,3,43645.05069,1392537.29
5.191940878,5,46669.89885,1200653.345
5.589395643,4,35420.74094,920540.6539
6.415791941,3,55030.17288,1300433.575
5.34770038,4,41296.72793,1172188.194
5.736988859,3,28213.40919,1054732.6
4.141508415,3,41190.20808,615568.1134
4.37675375,4,48261.04959,1271396.518
5.098958554,3,3883.448164,231189.821
5.522890844,3,40395.08125,1040782.486
6.483332048,3,39367.45002,1111710.9
5.369021376,3,44203.08095,885796.2796
5.588080994,3,36499.84397,809755.6175
7.116028518,3,46984.15576,1095794.165
5.690518257,6,21446.34226,1138609.173
6.645207267,5,20913.65544,873241.9886
6.742828084,4,42877.42415,1413579.817
7.358643507,4,32549.99223,1730084.479
4.415997412,2,57110.64894,996243.4249
4.484345906,2,40836.13013,1273518.737
6.182807099,6,32256.63856,970177.1054
5.853149898,4,22993.63544,1143203.068
5.1016138,6,35748.33147,1437983.825
7.412988548,2,33423.29329,1128720.42
5.675667394,3,39781.74684,1532533.611
6.670060466,4,37813.71463,1082588.727
6.214134474,5,28438.89283,1156308.169
5.353196392,3,43395.73599,1168760.428
8.082879393,6,30117.17188,1357575.852
5.48606302,4,44212.90535,920498.9374
6.078108557,3,40002.32739,1810782.413
5.976152431,4,17180.48353,903657.5625
7.648432415,3,36688.16069,1850513.527
6.914086746,2,34753.41599,1148720.905
5.387931862,3,34602.378,1492033.205
6.827612966,3,22835.58443,831168.8337
5.092064142,6,39239.83825,1130677.466
5.243364285,3,33460.47314,737202.4576
5.376432519,3,32090.23024,578309.0862
7.120342379,4,39293.04063,1112223.008
5.694779112,2,36246.41293,962531.6649
5.678509326,2,19524.09855,843650.8279
5.073308976,5,33995.76662,1217267.934
5.611454839,3,26197.83908,450307.0174
7.432324255,3,31225.12327,1663473.121
5.939669345,4,20159.92165,1164615.968
5.759500815,3,31771.52976,1263018.127
5.993314344,5,53620.8905,2197436.875
6.623682254,3,48947.35792,1721261.812
6.181948206,5,45415.7213,1670908.662
5.793523642,4,50909.69708,1148749.933
7.385098056,5,29726.0146,1154883.288
6.888438528,2,31070.43183,1707269.528
6.733866215,2,42371.58426,1108406.786
5.696277886,4,28819.04314,1256599.179
6.556265641,2,43048.77792,1180967.735
6.175657448,2,22580.31276,905435.8429
5.997742589,4,46536.72488,1450122.715
6.397171887,3,40765.39799,1382810.706
4.625164329,2,38916.17469,868694.0737
6.272527603,2,49465.95154,1471746.555
5.900200398,5,25186.53741,676377.6614
6.186299109,2,26964.69492,1462422.256
5.476039767,5,23808.17907,1036782.245
5.220986982,4,58887.99941,1122967.385
7.553762647,4,43408.42046,1877073.575
4.717414038,6,57287.59897,1657363.057
6.418572453,6,50096.98027,1757395.787
7.206743706,6,44610.45332,1539084.922
6.755066604,6,47025.18368,1738788.382
6.994378692,2,22481.15896,1189466.714
6.854714732,4,54543.43678,1316793.569
6.16784018,4,43904.62922,1542970.948
6.01784801,2,34628.99343,1024973.195
6.648406794,4,28913.10606,1353182.494
5.805508469,6,43181.82465,1594089.241
4.12590092,5,60895.40817,1501048.204
4.204036516,3,48927.30443,810537.1484
5.082516102,4,53039.31613,1270297.545
6.103406958,4,44876.89971,1591022.904
4.948259701,6,26710.17833,1040652.839
6.500168689,2,6248.75608,639471.7361
7.583106079,2,33222.76188,867898.2822
4.361132901,4,47460.60701,776125.5971
7.510642045,2,11637.89291,1202844.374
5.78550589,3,53742.84199,1346379.985
5.581331968,4,23997.45355,1014430.121
5.294627535,2,27355.82979,1373512.302
5.213993838,4,33097.55641,1454749.807
5.29985819,3,32032.63777,1166600.457
7.120135332,2,43511.01799,1093253.491
6.327773403,4,67701.6498,2130762
7.7824612,3,41030.40891,1719762.308
5.810724841,2,40426.83517,1019880.653
5.922774742,3,41608.06466,1296645.375
6.866750203,3,39354.78926,1372878.534
5.930005938,3,36084.83774,1117011.106
6.201098607,4,27721.39364,959734.8133
4.761837692,3,60199.84255,1074824.816
3.518886315,3,39498.30028,922054.1319
5.18067847,3,40771.02861,1017374.023
5.876893588,2,45694.50757,1227401.539
6.503451263,3,44825.81265,1226041.783
4.752153194,3,36156.92049,1411334.219
6.676236409,6,27554.28687,1317234.043
6.784351388,4,33957.00203,1250144.012
6.777375019,5,42056.84712,1389047.558
6.525598482,3,23523.60198,792449.5431
7.082681187,4,40860.12048,1860681.947
5.626456848,4,26076.39086,1110827.822
6.441788609,5,29660.79658,1539129.364
6.51386625,2,37853.30134,1132779.837
4.996375474,6,20038.8619,839629.5122
4.225888127,2,40193.52872,1243239.003
6.162329741,4,32529.95072,1104109.035
8.553939374,4,14502.44477,1664301.512
5.715546028,6,20353.16099,818289.7642
6.63628491,4,36105.06961,1062666.366
5.153745232,4,23836.53843,730043.6451
5.164251654,6,31689.93323,1307173.872
7.64196516,2,36711.49426,1464710.206
5.044290162,4,32010.22811,769851.8034
6.320753255,3,39383.96586,1012023.399
5.534934174,4,31383.07069,866328.1313
6.162173321,3,34677.7243,1222726.564
5.970952518,5,35822.60168,998702.0371
6.952034052,6,39910.34268,1644242.137
6.346079744,6,53721.14129,1817188.451
6.523187585,2,54954.97189,1553976.234
7.037251617,3,26073.2223,850593.3377
7.492803317,3,24580.5637,1179987.324
6.609326162,4,40722.65597,1554986.695
6.486568179,5,35561.08441,1281378.174
5.397964171,3,35656.22969,1125677.604
7.248108066,3,34956.12616,1705889.887
5.969854495,2,29498.96419,783565.1025
6.29096854,6,42987.06573,1355362.956
6.650993718,3,35188.91826,927181.0664
5.728827797,3,36002.29608,1058517.81
6.43064836,6,44796.58583,1397564.156
5.333909302,3,14731.96976,635429.2305
4.614993462,4,41818.00491,1104701.234
5.897648506,3,35008.26751,1368134.998
7.374457938,5,36713.86484,1204117.419
5.30506935,3,21815.48888,517937.5895
5.443039346,2,31055.05109,1241182.835
5.061805489,6,53405.50581,1603627.28
6.159101413,4,27982.27171,1063206.378
7.181743678,4,39730.48179,1269293.209
5.356330104,4,18041.9435,1063399.275
9.125282873,4,27991.84,1561313.838
5.782009284,3,39863.17255,1135613.432
5.67233669,3,30253.85748,1057347.166
6.595790348,4,31925.89958,772310.2278
6.475495935,3,32844.56439,989263.2366
5.901931552,4,35245.74481,699323.2624
8.187045842,3,28635.37327,1596342.909
4.444530278,5,52378.25122,1499153.081
4.49619347,5,39160.55327,770770.5849
5.666298295,6,22900.11345,1055484.373
6.402507331,5,25032.13652,1240503.524
5.302244663,3,13162.97966,900973.3764
5.533015546,3,27417.11183,1035976.953
5.781936693,3,25348.47127,1086447.511
6.892306935,5,37723.28229,1366980.91
6.675697067,3,48694.86414,1616937.019
7.011621748,4,46361.63221,1639944.959
4.16982037,5,48820.23026,509499.589
6.687367955,4,34143.05076,1200125.447
7.039620141,6,41462.12742,2142896.556
6.318402338,4,45921.54242,1301089.712
7.470777841,4,35690.21885,1860648.745
6.298703746,4,26831.5434,1283996.968
5.21502633,5,35376.73383,947355.9701
4.139620469,4,41722.6619,875799.2473
7.519087436,4,42285.9628,1483041.335
5.488401987,5,29421.17133,1508856.424
5.017846598,2,35371.21257,1302814.489
6.461488895,5,21653.98468,747396.2531
6.061531793,3,58195.45703,1723397.089
5.264702041,6,41826.05082,1059431.451
6.583447351,3,43769.96713,1309397.049
5.787306592,5,29582.72278,981232.6124
6.5382289,3,37875.20166,1389763.822
5.247829647,6,49089.95912,1599963.807
6.817606266,3,38937.78577,1208843.277
7.152424503,6,43156.08678,2059301.343
5.78089459,3,47285.46168,1272337.504
6.559882632,3,31765.89773,1390377.375
6.271974379,4,28885.0533,1212899.219
6.182091797,3,44256.77913,1393482.85
6.570193583,3,31044.97947,1603046.179
5.753466993,4,27676.2714,1063069.916
4.994616743,3,46905.19295,1068492.613
6.284749966,3,34628.53932,1337973.732
6.289222852,3,34468.87383,889831.1511
5.579520822,4,36795.39817,1308231.769
7.545608876,4,23623.30007,1612102.097
4.661801761,4,15167.41107,578161.4955
6.889373104,2,45598.89674,1454126.551
8.016627453,6,40186.29337,1684537.961
6.389427717,4,24138.06628,1347210.092
5.739521833,5,30774.39431,1603342.669
5.407478241,5,49307.20981,1383563.574
6.002618021,4,40673.9221,705444.1168
5.57878808,4,48776.92661,1418045.719
6.13569401,4,33839.08519,1457755.979
7.118266013,5,22669.67412,1617405.425
7.154695334,4,29587.13853,456019.1712
5.500904517,4,28130.26592,1348804.229
5.349422869,5,49224.09281,1579360.825
4.864411174,2,21091.58744,385678.1667
5.908764789,3,32774.02197,1121023.437
5.571587866,4,43314.16108,1178553.616
6.490523817,6,35163.51684,1296467.994
5.631317375,2,29386.58045,313651.5032
4.790645656,5,51747.77676,1530294.577
4.715683576,3,40908.89232,1249914.395
4.623344495,4,36679.43203,1270432.4
3.962672206,2,45130.82828,1123753.734
5.714878538,6,32818.06713,1005087.361
5.988783205,4,48077.26496,1712282.259
5.506412845,3,33303.5431,698457.6776
6.427781229,4,16083.14442,1322439.108
7.084664124,3,42939.27424,1599615.745
6.68246297,3,47163.75462,1142264.248
3.342599174,6,51246.10288,1012768.756
5.790273451,4,55849.46922,1244916.548
5.560929101,2,40976.78683,1016526.594
7.040707991,4,24878.46173,1383565.696
5.838063828,4,49617.73142,1526369.647
6.305095543,3,14403.8353,961495.0964
5.052311501,6,27766.76194,1228362.747
6.244859498,4,40412.04776,1674680.741
6.812372827,5,36100.57718,1411217.493
6.666808866,3,23624.24894,1476392.551
6.477168821,2,15769.19997,751324.1387
5.0180973,3,35074.26481,1366714.376
5.918210783,2,51169.58559,1718625.945
4.728508129,3,45338.09139,1344869.28
5.401913201,3,24943.96194,1442079.057
6.03271483,3,24171.18247,1000892.046
6.433339399,5,42035.99199,1553395.562
7.939003735,4,48922.5214,1969256.933
5.637312098,2,42946.08099,1435261.987
5.276614898,3,37302.52534,718874.6798
6.744905835,2,51561.26314,1883082.276
6.03689561,6,48899.51382,1502443.23
6.835841168,3,58793.2682,1513650.381
6.045000331,4,56689.27907,1410264.405
5.506579633,4,30997.43904,647691.8352
5.689341577,3,45178.46768,1675062.891
7.912035606,5,23690.69799,1336134.486
4.607911656,7,37175.07064,1376240.615
6.54649533,6,32976.80797,1680017.24
6.445807262,2,25380.41301,1186025.951
6.143843489,4,24447.1067,1460044.546
5.955041901,4,23794.95178,650939.2067
7.19809097,4,39293.653,1525690.995
8.20738606,6,34612.76372,1827476.196
6.955535847,3,32912.04398,860399.3452
5.885577419,5,32481.52177,1574181.732
4.9464429,3,39735.06871,333160.9943
5.731377655,3,45258.15871,1279681.154
6.336769915,3,36411.83456,1594748.125
5.634388054,5,20927.43079,1495375.423
6.418471533,6,17609.19693,954732.9038
6.99067676,2,25934.6492,1426695.686
6.295516139,2,35953.15723,1468459.955
5.49448752,6,41178.26119,1607863.828
5.844598703,4,41939.51507,888866.3945
6.670542907,2,29346.7209,1151341.85
6.37806605,6,38072.28468,1045704.7
5.079228835,4,49513.89643,1279160.988
6.686490402,6,38042.73612,1799455.406
6.705843518,3,46610.73557,2005167.48
7.47810445,6,29620.83953,1492612.189
5.300533643,3,30995.48817,976481.7168
5.666158556,5,49574.10417,1247002.164
7.031773829,3,51235.58929,1426682.135
5.665250632,3,35060.34863,1171989.718
5.996661954,4,26736.096,1370909.952
5.354226921,3,20797.82193,1083071.56
6.134660958,2,21677.01339,1065656.023
7.242393804,4,32256.70451,1492095.143
6.082064754,5,35848.08127,936864.6878
6.469294552,3,48601.79746,1966139.928
7.405166506,4,48607.09542,1558196.969
5.807494543,3,49076.65438,1280588.342
4.16897216,4,52123.99386,853750.6529
4.079320164,4,30937.82848,978824.6016
5.142414685,3,27370.18572,1273554.278
5.53792673,4,31702.71455,798659.2171
6.401788641,4,48604.07439,1114128.47
4.559870598,3,23623.30098,1108894.003
6.331878075,3,34006.8653,710269.214
4.372603839,6,35062.88654,1142127.884
6.333788793,3,44384.51974,1378269.573
7.002809147,3,46002.90396,1140126.187
5.831725358,2,34170.33666,999146.8694
6.066999487,4,34787.46537,1289201.391
6.235777366,2,46724.89921,973197.7753
6.721001606,6,30826.07821,1511653.455
6.721373834,2,26312.35883,1158677.202
5.660218312,6,29277.53809,1009093.802
6.684657867,2,19379.02082,861013.9461
5.386386504,4,26625.13907,1064371.764
5.990648916,5,35016.45522,1883469.244
7.229017691,3,28100.31771,1191340.826
5.234875252,3,38736.902,1300303.407
5.871168062,4,29115.68485,1126042.405
5.693896342,3,41524.5833,1848511.108
5.699428201,2,31750.26767,1072874.61
5.492310439,4,51601.59401,1019127.733
5.01648718,4,41382.7259,1210161.07
6.62829804,4,51639.30697,1561234.133
7.701205702,6,39139.57297,2180065.598
4.950569548,4,39642.12993,1665515.246
5.294242885,3,55613.37571,1307136.335
7.101270018,2,33439.44416,1604207.684
5.576018451,4,38779.34601,1057125.839
6.855708364,5,59636.40255,1077805.578
6.71487204,2,25433.30292,1328525.02
4.818996769,3,49547.45563,1017775.512
6.370638426,2,50955.57254,1443816.971
6.120737116,5,18264.23005,1322010.057
5.437861629,3,49698.19872,1064939.523
5.223595355,6,37393.99871,768541.9161
5.640162344,6,32180.36047,1244563.275
5.055819675,4,53364.46288,744291.0273
6.043554706,3,44099.53527,1879416.222
5.040896433,3,39503.09807,1131698.214
4.376969185,5,34993.8414,1000713.586
5.003684188,3,45672.38999,1313128.138
5.127415452,4,49530.00034,1810561.175
7.212557777,6,41143.43774,1877268.75
5.725050746,3,40229.98785,1495672.594
4.971603712,2,44047.91117,1708102.102
7.559816059,3,34292.30694,1058356.18
5.559525611,3,28063.71796,681089.9189
5.744808417,5,41545.61226,1958064.742
4.85783342,2,12450.57847,353240.0547
7.433065419,2,31337.78085,1054304.172
5.290720476,5,26015.29645,268050.8147
6.507971363,3,37288.92357,1318597.715
5.347527265,3,37825.7798,1334537.424
7.190023019,3,54045.94271,1598736.4
6.171501482,4,33935.97227,1699952.814
6.714882023,3,46303.46211,1012269.82
4.709498404,3,28045.42214,1093506.014
6.309069335,6,32660.43971,1064703.305
5.871462161,4,38179.7804,1184614.087
6.029107996,4,37796.05565,1146480.214
7.898190691,4,48908.77158,1925615.841
7.053111108,5,38337.47841,1233882.555
4.537629827,3,45004.97002,822685.3746
6.673099833,4,56696.5175,1935831.039
7.567152938,3,29595.43143,912585.6212
5.96980058,5,50408.86017,1636906.288
7.314992002,3,26295.43966,1197929.743
4.404914662,3,44939.67256,1039794.767
5.31942298,2,40231.69688,1033450.139
5.937759405,2,28863.86803,839589.8445
5.162849624,2,36644.53024,782800.4947
5.864465922,4,29896.67417,1547127.386
6.113429406,6,29153.79965,1518706.283
6.324094874,2,39369.64412,1074456.402
5.9914286,4,30028.62167,671960.6449
4.944630706,3,35891.80616,1185734.958
6.772487473,4,38656.43139,1518454.06
5.676386932,4,28800.90988,666745.6714
5.561847875,6,29190.88798,988014.7561
6.162244128,4,6805.740783,997452.5009
6.594022951,4,38647.50306,1791307.241
4.555560605,6,34970.8158,1223589.046
4.999247837,6,39917.43412,1321257.251
7.701145053,6,31781.92474,1193687.181
5.953993576,4,36705.90669,840208.743
6.674203658,2,42548.11004,1474745.015
5.44775581,5,33001.91467,1527439.717
5.709232968,2,47223.16427,802048.4455
6.10737087,3,30049.17001,1016960.655
6.735728991,3,31853.71173,1051230.001
4.717135602,3,41919.58394,1209964.352
7.97322039,4,26641.70332,1357208.238
6.396437855,5,25694.24731,1513846.595
4.41258546,3,66995.47405,1737570.505
7.116575231,3,30809.96748,613370.8511
4.470479271,4,29971.89976,767784.6304
5.594225849,3,31726.66848,1181663.484
9.008900092,3,39667.50726,1898168.684
6.999755804,3,45636.33004,1471784.005
5.302770726,4,31467.48119,1397461.553
6.250398044,2,46643.15684,664465.331
5.43639597,3,32525.44517,1128252.819
5.866066338,3,27862.67322,1273629.124
7.425291725,3,47386.79361,968411.6244
6.240694096,3,37703.29694,1071537.376
7.078048191,3,51591.67557,1802294.289
5.767622925,4,56256.98203,1369582.582
6.848472133,5,52405.28006,1350283.997
5.522653204,3,31143.88966,1637831.328
6.565006381,6,49463.04926,1574279.814
4.771499466,5,38105.77786,1251063.65
5.39432198,4,50936.33086,992622.7693
6.013689621,4,27593.12576,1616505.354
5.490367991,3,38904.6674,1440106.864
5.557734338,3,32827.67547,1139014.194
6.201921172,4,41036.28415,1139072.772
5.237950174,5,50752.19402,1243491.572
6.506753669,2,44065.14943,1021126.683
5.947064302,3,21985.73467,960918.6584
6.730870185,4,36011.05117,1306288.227
6.706442844,6,41971.16183,1537897.118
4.53453824,2,43745.99082,909885.8014
5.416960597,6,47452.35785,1752112.604
4.177213846,5,33483.65248,1129388.123
6.650251813,3,47320.68158,2024902.521
4.986857752,3,49309.85488,1164968.877
4.873748964,4,44435.16452,1187454.672
7.097176548,2,37215.66964,1675702.223
5.77793627,5,41637.79529,1163559.471
5.370173558,4,35596.82458,814240.2816
6.069625962,4,42652.36735,1480674.799
5.533759171,4,23177.58185,1281308.332
6.594265542,4,41856.36586,1187044.053
6.341340988,4,23287.07176,1267803.317
4.940391314,6,35998.31948,1094792.003
8.13280735,3,20206.52406,1489574.137
5.84664328,3,22800.03696,1280995.549
4.221881955,4,45095.69976,1046347.121
5.208296792,4,30072.71973,1149694.034
6.719086945,3,39001.57097,1063344.635
5.935679694,4,24298.97473,1377113.026
6.324068041,2,31745.92453,1459525.376
6.336108942,5,38067.55218,899609.3001
4.921578679,4,29017.40872,482689.7034
4.663863395,4,22670.60862,412269.2034
5.880081118,6,33631.22917,1209797.58
4.638457767,3,29004.16405,1342506.921
5.528790248,4,14291.15303,727866.5252
5.542326814,3,48184.91635,1447250.999
6.011564179,4,32474.83452,1578766.05
6.26907634,4,37852.54171,1578737.436
6.221356581,4,57318.78664,1445527.137
5.781019805,4,33686.36508,1221823.704
6.435739431,3,42401.60109,2031338.347
4.865250903,2,33366.27464,1232974.142
6.443632205,6,36394.25392,1426402.807
4.312952153,3,25495.35594,520217.893
5.822324358,4,32761.55673,1314770.47
6.31097907,3,31389.29137,1249331.45
6.095807993,5,52740.40917,1835564.689
5.221322332,2,40473.76525,1018173.703
3.686286995,3,35971.47013,607858.9912
4.332033874,3,39154.78733,1340983.25
6.02600547,2,39677.32771,1292740.446
7.102030845,4,33106.20003,1772780.143
7.211169204,3,46685.36336,1131887.762
6.195458468,4,36538.75655,1603627.938
5.672980895,3,32807.5098,809121.1058
5.543674113,2,26038.50819,987004.0837
5.457036915,4,34660.18308,676970.6909
4.658987164,4,15036.26809,461473.5665
3.55805376,3,15776.6186,15938.65792
6.195023013,4,39937.36926,1622827.298
7.149797416,5,45472.04945,1924155.582
6.832192295,3,49360.09429,1548598.755
7.208464266,3,31884.44031,2007639.432
4.373086649,4,24348.02587,461912.2443
4.751119279,4,40863.70121,1243838.634
5.892386367,5,31443.04433,1309922.854
5.887072341,6,37078.68452,1343484.727
5.067134641,2,29580.7956,771214.4796
7.296428802,2,29254.10631,1244955.461
4.511914596,3,19056.04394,365929.5973
8.019634995,4,30102.13319,1453108.794
5.591912688,4,24627.5489,1128906.339
6.791319685,3,61104.36278,2100698.071
5.07662467,4,22231.83032,1105024.416
6.8743744,5,31568.10149,1159526.154
8.224470239,5,51172.94704,1940933.472
6.692974702,4,35264.61183,1549031.093
5.093794033,3,46731.65749,1379456.031
5.368755237,4,26550.71254,1501917.318
5.952779001,3,55583.93823,963655.5774
4.899267764,4,59262.5393,1900999.546
7.31380363,2,27027.05649,1200060.662
6.265750503,2,27129.80378,1063743.424
7.431180528,3,46419.47037,1252733.097
5.327547311,2,34714.72072,907530.1753
6.823274165,4,22890.84154,1256086.507
6.25320841,3,33916.87535,1517868.595
7.675836001,3,34905.05477,1705546.412
5.062571564,4,32524.43378,1081578.619
4.310888297,5,39833.09092,872177.4089
6.070087673,2,27372.30555,1061785.583
6.020039128,4,38417.98087,1355545.588
5.257628172,5,38251.86262,1455511.267
6.262176486,2,55997.84699,1445030.984
4.47970159,3,39755.90317,823821.7864
8.190792591,3,33532.53926,1693693.553
5.426193918,3,23207.68005,944979.0094
5.642226206,3,46833.35898,1156786.084
6.172321364,4,33448.71108,1306288.623
7.052767833,5,53410.40117,1785449.72
7.239088188,3,32136.84415,1115080.654
3.937577626,5,36925.99739,1188255.081
5.989460466,4,32059.7738,1184799.271
4.678604934,5,31942.71908,1134246.503
5.699427298,5,43341.08705,1108022.282
5.997595566,4,29668.10144,1148416.91
6.039065852,4,32674.66916,1202574.353
5.691121746,6,32337.48388,1428212.034
5.8316621,5,44381.26754,1842736.247
5.91817109,6,44057.83564,1262232.321
5.872677773,3,35254.12832,1354609.246
6.41984303,3,19376.31893,1277380.529
5.428850307,2,31093.44526,854487.597
5.990447952,3,14744.05144,968045.4778
5.221528416,3,35090.88726,769113.8332
6.529491271,4,46379.1216,1236093.914
7.097956384,4,25334.77931,745586.5735
3.779592247,6,35167.57023,944288.911
7.026087471,4,40847.89133,1283480.439
5.362425463,6,40035.65037,1214941.762
5.766112352,4,45260.51974,1137224.575
6.919662892,3,49958.58099,1881075.438
6.537962073,5,40734.06052,1603201.048
6.083099559,6,33108.11515,1296610.532
5.266389133,6,43047.12368,1540360.751
3.431500039,2,40690.51098,1046957.117
5.607320167,3,46175.12765,1545672.117
6.283106165,2,36962.80755,857934.5478
7.99143967,3,48661.71171,1298108
5.997765218,3,34267.1974,1533017.307
7.119590276,3,27805.43744,846841.4564
5.361973348,3,37994.32838,1280199.295
6.386835017,3,27500.99925,1214334.973
5.701434831,3,31534.30517,1206539.666
4.43039672,4,47119.0371,1031385.455
8.449468163,6,24034.62827,1715435.991
6.332413014,4,35102.996,1223432.84
6.648659913,4,30523.42262,1530848.094
4.363233576,4,40702.6124,1404435.505
6.202613172,3,46508.42663,1603944.38
5.919583739,4,54048.34439,1167918.059
5.763117574,4,35497.43219,1048135.754
4.757923141,4,39144.94759,1563193.097
5.653511252,3,45828.21528,1512578.553
6.307681833,4,39414.32885,1632942.316
5.370184661,4,31317.59839,1017722.998
6.663784944,4,46202.04599,1619829.096
7.398134291,5,43432.87979,1890056.385
5.954419415,4,41186.11422,1902118.699
6.268721249,3,35399.21024,1338247.93
6.16273404,3,33515.82879,2081869.284
5.53707982,2,42032.61056,868713.4367
6.1697979,4,36395.8883,603374.0391
6.791139211,3,24328.40566,1182670.135
6.679428105,5,19686.48073,1557075.422
4.805645117,4,48017.3688,1574582.091
4.996862658,4,27042.63172,530613.7956
6.4057927,5,30776.52673,1669558.847
5.855395958,6,32487.41128,1191968.52
5.155812571,2,32770.83362,842296.2673
6.262916946,4,33390.90991,1111108.501
7.396015928,4,35553.5187,1180325.499
6.166234094,6,59599.34409,1575966.553
6.847231166,3,37544.36702,1735992.339
5.600923886,5,35041.73476,1144711.177
5.28447684,3,34769.22786,891200.8623
6.752351399,4,48714.69033,1775531.404
6.417397428,4,36001.26253,1660295.796
5.870774806,3,26738.54964,1062105.308
6.707807644,4,39026.48806,1693384.803
6.901876796,6,29277.34641,1689690.754
5.212406679,6,13328.75774,1004041.435
4.902993748,2,31038.37343,780934.038
5.470315298,5,27613.89667,942166.509
6.444268505,4,32187.27064,1049823.996
